curationstate	pmid	type	title	jobname	score
Curated	42104599	1	Pharmacogenomic Profiling of Voriconazole Enables Predicting Its Toxicity in Pediatric Leukemia and Hematopoietic Stem Cell Transplant Recipients-A Prospective Study From North India.	Automatic Weekly Digest (May 03 2026 to May 09 2026)	0.9999242424964905
Curated	42072346	1	Impact of CYP and ABCB1 Polymorphisms on Bortezomib-Induced Adverse Events in Multiple Myeloma.	Automatic Weekly Digest (May 03 2026 to May 09 2026)	0.9992949366569519
Curated	42076978	1	Letter to the Editor: A Scalable Alternative to In Vitro Contracture Testing for Incidentally Discovered Genetic Variants for Malignant Hyperthermia.	Automatic Weekly Digest (May 03 2026 to May 09 2026)	0.9989713430404663
Relevant	42104114	1	The impact of gene polymorphisms on the response of methotrexate-based treatments.	Automatic Weekly Digest (May 03 2026 to May 09 2026)	0.9987676739692688
Curated	42094211	1	Pharmacokinetic Drug-Drug Interactions of DA-8010 with Clarithromycin or Rifampicin: Influence of CYP2D6 Phenotype on the Extent of These Interactions.	Automatic Weekly Digest (May 03 2026 to May 09 2026)	0.9987342357635498
Curated	42092593	1	HLA-B alleles confer susceptibility to sulfasalazine-induced severe cutaneous adverse reactions.	Automatic Weekly Digest (May 03 2026 to May 09 2026)	0.9969941973686218
Curated	42093710	1	When Standard Newborn Screening Isn't Enough: Diagnostic Challenges in the Age of Globalization.	Automatic Weekly Digest (May 03 2026 to May 09 2026)	0.9956800937652588
Curated	42080361	1	Impact of UGT1A1*28 polymorphism in patients with metastatic pancreatic ductal adenocarcinoma treated with NALIRIFOX in the NAPOLI 3 trial.	Automatic Weekly Digest (May 03 2026 to May 09 2026)	0.994615375995636
Curated	42086550	1	FTO rs7195994 Is associated with TNF inhibitor response in lean rheumatoid arthritis patients: A BMI-stratified pharmacogenetic analysis.	Automatic Weekly Digest (May 03 2026 to May 09 2026)	0.9944448471069336
Relevant Association	42095711	1	CFTR modulator monotherapy for people with cystic fibrosis with class II CFTR gene variants (most commonly F508del).	Automatic Weekly Digest (May 03 2026 to May 09 2026)	0.9905131459236145
Relevant	42094858	1	Thiopurine Methyltransferase Levels and Azathioprine Outcomes in Thai Patients with Cutaneous Autoimmune Diseases.	Automatic Weekly Digest (May 03 2026 to May 09 2026)	0.9772992134094238
Relevant Association	42090791	1	Daraxonrasib in Previously Treated Advanced RAS-Mutated Pancreatic Cancer.	Automatic Weekly Digest (May 03 2026 to May 09 2026)	0.953486979007721
Relevant	42096800	1	Phase II study of ramucirumab plus erlotinib for treatment-naïve patients with EGFR-mutant non-squamous non-small cell lung cancer and pleural effusion (RELAY-Effusion).	Automatic Weekly Digest (May 03 2026 to May 09 2026)	0.9520981907844543
Curated	42088062	1	Therapeutic drug monitoring of first-line anti-tuberculosis drugs: impact of dose modification on plasma drug concentrations in pulmonary and extrapulmonary tuberculosis.	Automatic Weekly Digest (May 03 2026 to May 09 2026)	0.9454579949378967
Relevant	42087576	1	Challenges to Assessing the Prevalence of Cystic Fibrosis in the Caribbean.	Automatic Weekly Digest (May 03 2026 to May 09 2026)	0.9403594732284546
Not Relevant	42086625	1	Genetic studies identify known and novel variants for recessively inherited moderate to severe hearing loss in consanguineous families from Pakistan.	Automatic Weekly Digest (May 03 2026 to May 09 2026)	0.9269832372665405
Relevant	42097909	1	ECFS statement on theratyping and theranostics in the context of rare and ultrarare CFTR variants in people with CF.	Automatic Weekly Digest (May 03 2026 to May 09 2026)	0.9149917960166931
Relevant	42050991	1	Frequency of Key Pharmacogenes CYP2C9, CYP2C19, CYP2D6, and SLCO1B1 in the Yogyakarta Population: Implications for Precision Prescribing in Indonesia.	Automatic Weekly Digest (Apr 26 2026 to May 02 2026)	0.9999770522117615
Curated	42053037	1	Genetic Influence of CYP2D6 on Risperidone Metabolism: Pharmacokinetic and Pharmacodynamic Study in a Healthy South Indian Population.	Automatic Weekly Digest (Apr 26 2026 to May 02 2026)	0.9997398257255554
Curated	42042555	1	Genetic Variation in CYP2B6, UGT1A4 and Sulfotransferases Is Associated with Disease-Free Survival in South African Breast Cancer Patients Treated with Tamoxifen.	Automatic Weekly Digest (Apr 26 2026 to May 02 2026)	0.9979114532470703
Relevant	42042551	1	Population-Specific Pharmacogenomic Profiling of NAT2, CYP2E1, and SLCO1B1 in Tuberculosis Patients from Southern Peru: A Feasibility Pilot Study.	Automatic Weekly Digest (Apr 26 2026 to May 02 2026)	0.9977268576622009
Not Curated	42056077	1	CYPRI: a clinical decision-making tool to select psychiatric patients for pharmacogenetic testing.	Automatic Weekly Digest (Apr 26 2026 to May 02 2026)	0.9974860548973083
Curated	42058494	1	Pharmacogenomics of direct oral anticoagulants: a systematic review and meta-analysis.	Automatic Weekly Digest (Apr 26 2026 to May 02 2026)	0.9957818388938904
Relevant	42043154	1	ABCG2 Genetic Variability in Drug Exposure and Toxicity: Implications for Clinical Practice.	Automatic Weekly Digest (Apr 26 2026 to May 02 2026)	0.9948970079421997
Relevant Association	42067070	1	Genotype-dependent biochemical response to elexacaftor/tezacaftor/ivacaftor in children with cystic fibrosis: A 24-month real-world study.	Automatic Weekly Digest (Apr 26 2026 to May 02 2026)	0.994606614112854
Relevant	42048619	1	Importance of and Strategies for Implementing DPYD Testing to Prevent Severe Fluoropyrimidine Chemotherapy Toxicity in Health Care Systems.	Automatic Weekly Digest (Apr 26 2026 to May 02 2026)	0.9944972395896912
Curated	42037398	1	Differential impact of Tafenoquine and Primaquine on Plasmodium vivax recurrence: the role of CYP2D6 variants.	Automatic Weekly Digest (Apr 26 2026 to May 02 2026)	0.9918292760848999
Curated	42050376	1	Concentration dependency of an acyl glucuronide metabolite in eltrombopag-induced hepatotoxicity: Role of UGT1A1 genotype.	Automatic Weekly Digest (Apr 26 2026 to May 02 2026)	0.9917107820510864
Curated	42053458	1	In Vitro and Clinical Evaluation of Potential Interactions of Bemnifosbuvir with Drug-Metabolizing Enzymes.	Automatic Weekly Digest (Apr 26 2026 to May 02 2026)	0.9890439510345459
Not Relevant	42036050	1	Medication adherence to cystic fibrosis transmembrane conductance regulator (CFTR) modulators: Analysis on the French cystic fibrosis population from 2012-2020.	Automatic Weekly Digest (Apr 26 2026 to May 02 2026)	0.9796484708786011
Curated	42039693	1	A Drug-Drug Interaction of Ainuovirine with Fluconazole in Healthy Adults and Dose Optimization Informed by Pharmacokinetics Modelling.	Automatic Weekly Digest (Apr 26 2026 to May 02 2026)	0.9763762950897217
Curated	42051266	1	Opportunities to improve open All of Us data to convey CYP2D6 pharmacological relevance and interpretation overall and according to ancestry.	Automatic Weekly Digest (Apr 26 2026 to May 02 2026)	0.9720742702484131
Curated	42044984	1	Statin-Associated Hepatotoxicity Linked to CASP8 Polymorphisms: Mechanistic Insights from Proteomic Analysis.	Automatic Weekly Digest (Apr 26 2026 to May 02 2026)	0.9569998383522034
Not Relevant	42056854	1	The polymorphisms of TSHR and CTLA-4 genes as genetic predictors of susceptibility to Graves` ophthalmopathy.	Automatic Weekly Digest (Apr 26 2026 to May 02 2026)	0.9416866898536682
Relevant	42062754	1	Pharmacokinetic Drug-Drug Interaction of Leritrelvir in Healthy Chinese Volunteers: A Single-Arm, Open-Label, Dual-Cohort Study.	Automatic Weekly Digest (Apr 26 2026 to May 02 2026)	0.9395139813423157
Curated	42052595	1	Angiotensin-converting enzyme gene insertion/deletion polymorphism and its impact on response to azithromycin and doxycycline treatment in acne vulgaris patients.	Automatic Weekly Digest (Apr 26 2026 to May 02 2026)	0.9377694129943848
Not Curated	42051946	1	Genetic insights into unexplained infant jaundice: a study from northern Guangdong, China.	Automatic Weekly Digest (Apr 26 2026 to May 02 2026)	0.9339839220046997
Relevant	42051257	1	CYP2B6 polymorphisms and suicidal behaviour in people living with HIV treated with efavirenz-containing combination antiretroviral therapy: a global case-control study.	Automatic Weekly Digest (Apr 26 2026 to May 02 2026)	0.9294590950012207
Not Relevant	42036539	1	Ano1 Antisense Therapy Improves Enamel Properties in Molars but not Amelogenesis in a Murine Model of Cystic Fibrosis.	Automatic Weekly Digest (Apr 26 2026 to May 02 2026)	0.9163116216659546
Relevant	42053447	1	Assessment of the Drug-Drug Interaction Potential of Lotiglipron (PF-07081532) with Midazolam, Omeprazole, Dabigatran, Rosuvastatin, and the Oral Contraceptives Levonorgestrel and Ethinyl Estradiol.	Automatic Weekly Digest (Apr 26 2026 to May 02 2026)	0.9089952111244202
Relevant Association	42066560	1	ETI corrector therapy suppresses mitochondrial respiration independently of CFTR mutational status.	Automatic Weekly Digest (Apr 26 2026 to May 02 2026)	0.9023761749267578
Curated	42031731	1	The role of cytochrome P450 polymorphisms in the pharmacokinetics of oral esketamine.	Automatic Weekly Digest (Apr 19 2026 to Apr 25 2026)	0.9999958872795105
Curated	42011083	1	Enantioselective Pharmacokinetics of Venlafaxine in the Presence of CYP2D6 Inhibition: A Population Parent-Metabolite Modeling Approach.	Automatic Weekly Digest (Apr 19 2026 to Apr 25 2026)	0.9997499585151672
Curated	42018847	1	Genotyping of DPYD and UGT1A1 in Brazilian oncological patients: applying pharmacogenomics in an admixed population.	Automatic Weekly Digest (Apr 19 2026 to Apr 25 2026)	0.9993479251861572
Curated	42003086	1	Effects of Cedirogant on the Pharmacokinetics of Sensitive Cytochrome P450 Probe Substrates.	Automatic Weekly Digest (Apr 19 2026 to Apr 25 2026)	0.9989984631538391
Curated	42011547	1	Prevalence and correlates of pharmacotherapy metabolized by CYP2C19, CYP2C9, CYP2D6, and UGT1A1 in the population sample.	Automatic Weekly Digest (Apr 19 2026 to Apr 25 2026)	0.9980315566062927
Relevant	42031572	1	Lumacaftor-Ivacaftor in Pediatric Patients With Cystic Fibrosis and Advanced Liver Disease: A Pilot Study.	Automatic Weekly Digest (Apr 19 2026 to Apr 25 2026)	0.9972273111343384
Curated	42026041	1	Cardiovascular prescriber attitudes to pharmacogenomics: a survey by the ESC working group on cardiovascular pharmacotherapy.	Automatic Weekly Digest (Apr 19 2026 to Apr 25 2026)	0.9956521391868591
Curated	42031461	1	Rifampicin population pharmacokinetics and pharmacogenomic evaluation of SLCO1B1 gene in tuberculosis patients.	Automatic Weekly Digest (Apr 19 2026 to Apr 25 2026)	0.9951719045639038
Relevant	42002301	1	HLA genotype testing for carbamazepine, oxcarbazepine and eslicarbazepine: A guideline developed by the UK Centre of Excellence in Regulatory Science and Innovation in Pharmacogenomics (CERSI-PGx).	Automatic Weekly Digest (Apr 19 2026 to Apr 25 2026)	0.994702935218811
Not Curated	42030963	1	Contributors to the heterogeneity of response to CFTR modulators.	Automatic Weekly Digest (Apr 19 2026 to Apr 25 2026)	0.994229257106781
Curated	42026020	1	Exploratory Evaluation of Solanidine as an Endogenous Marker for CYP2D6-Mediated Drug-Drug-Gene Interactions of Venlafaxine in Koreans.	Automatic Weekly Digest (Apr 19 2026 to Apr 25 2026)	0.9941203594207764
Curated	42023995	1	Effect of Once-Daily Macitentan 75 mg on the Pharmacokinetics of Sildenafil, Riociguat, or Rosuvastatin in Healthy Male Participants.	Automatic Weekly Digest (Apr 19 2026 to Apr 25 2026)	0.9929874539375305
Relevant	42026798	1	CFTR genotype-phenotype associations and clinical outcomes in pediatric cystic fibrosis.	Automatic Weekly Digest (Apr 19 2026 to Apr 25 2026)	0.9875712394714355
Relevant	42010256	1	Cost-effectiveness of genotype-guided acenocoumarol therapy in atrial fibrillation: a pharmacogenomic simulation study in the chilean population.	Automatic Weekly Digest (Apr 19 2026 to Apr 25 2026)	0.9731820821762085
Not Curated	42018671	1	Functional correction of the untreatable CFTR 1717-1G>A mutation through mRNA- and sgRNA-optimized base editing.	Automatic Weekly Digest (Apr 19 2026 to Apr 25 2026)	0.9716939330101013
Relevant	42029037	1	Imipramine: Do Metabolite Plasma Levels Affect Treatment Response?	Automatic Weekly Digest (Apr 19 2026 to Apr 25 2026)	0.9671289324760437
Not Curated	42014364	1	Utility of Patch Testing, LTT, and HLA Genotyping in Identifying Culprit Drugs and Diagnosing Multiple Drug Hypersensitivity in Definite DRESS: A 10-Year Cohort Study.	Automatic Weekly Digest (Apr 19 2026 to Apr 25 2026)	0.9653734564781189
Relevant	41999579	1	Exocrine Pancreatic Function in Pediatric Patients After Two Years of Triple CFTR Modulator Therapy: Is It Possible to Restore Pancreatic Function?	Automatic Weekly Digest (Apr 19 2026 to Apr 25 2026)	0.9617128372192383
Curated	42004367	1	The Inhibitory Effect of Anastrozole on the Metabolism of Abemaciclib In Vitro and In Vivo.	Automatic Weekly Digest (Apr 19 2026 to Apr 25 2026)	0.9507214426994324
Not Curated	42022521	1	Cystic Fibrosis-Related Diabetes and Celiac Disease in a Paediatric CF Patient: Presence of CFRD-Associated SNPs rs7903146 (TT) and rs4077468 (GG).	Automatic Weekly Digest (Apr 19 2026 to Apr 25 2026)	0.9471858739852905
Not Curated	42001970	1	Impact of elexacaftor/tezacaftor/ivacaftor on the presence of bacterial and fungal pathogens in the lower respiratory tract of children with cystic fibrosis.	Automatic Weekly Digest (Apr 19 2026 to Apr 25 2026)	0.9230807423591614
Not Relevant	42003479	1	"Could the Phenotypic Outcomes of Genetic Variability in Cells Operating in Mechanically Dynamic Environments be Influenced by a Disrupted ""Cell-ECM"" Relationship? Using Cystic Fibrosis and Marfan Syndrome as an Example."	Automatic Weekly Digest (Apr 19 2026 to Apr 25 2026)	0.9047066569328308
Relevant	42014325	1	Dexamethasone-Mediated Regulation of CYP3A4 and UGTs in Human Hepatoma HuH-7 Cells.	Automatic Weekly Digest (Apr 19 2026 to Apr 25 2026)	0.9022710919380188
Curated	41969197	1	An integrated triple approach - TPMT phenotype, NUDT-15 genotype, and therapeutic drug monitoring of thiopurine metabolites for optimal clinical efficacy: a case series.	Automatic Weekly Digest (Apr 12 2026 to Apr 18 2026)	0.9998397827148438
Curated	41979220	1	CYP2C19 Genotype is Associated with Citalopram Treatment Outcomes in a Real-World Setting.	Automatic Weekly Digest (Apr 12 2026 to Apr 18 2026)	0.9992701411247253
Not Curated	41967940	1	DIAGNOSIS AND MANAGEMENT OF SEVERE CUTANEOUS ADVERSE DRUG REACTIONS.	Automatic Weekly Digest (Apr 12 2026 to Apr 18 2026)	0.995712161064148
Curated	41972917	1	Acute hemolytic anemia and methemoglobinemia in a pediatric oncology patient with G6PD deficiency: a case report.	Automatic Weekly Digest (Apr 12 2026 to Apr 18 2026)	0.9935863018035889
Curated	41989453	1	Early Erythrocyte Methotrexate Polyglutamate-4 Predicts Treatment Response and Is Influenced by GGH 401C>T Genotype in Patients with Rheumatoid Arthritis.	Automatic Weekly Digest (Apr 12 2026 to Apr 18 2026)	0.9929294586181641
Curated	41967124	1	The influence of CYP3A5 genotype on tacrolimus pharmacokinetics in patients with systemic lupus erythematosus.	Automatic Weekly Digest (Apr 12 2026 to Apr 18 2026)	0.9918023943901062
Curated	41979467	1	Clinical Pharmacogenetics Implementation Consortium (CPIC) Guideline for CYP2D6 Genotype and Use of 5-HT 3 Receptor Antagonists: 2026 Update.	Automatic Weekly Digest (Apr 12 2026 to Apr 18 2026)	0.9901226758956909
Curated	41997888	1	Influence of Genetic Polymorphisms on Tacrolimus Pharmacokinetics in Whole Blood, Plasma, and Peripheral Blood Mononuclear Cells in Chinese Kidney Allograft Recipients.	Automatic Weekly Digest (Apr 12 2026 to Apr 18 2026)	0.9890896677970886
Not Relevant	41979192	1	Comment on 'Improved Quality of Life in Children With Cystic Fibrosis Who Received Transmembrane Conductance Regulator Modulators'.	Automatic Weekly Digest (Apr 12 2026 to Apr 18 2026)	0.987427830696106
Not Curated	41977299	1	A Pilot Study on Multigenic Thrombophilic Risk in Recurrent Pregnancy Loss: Interactions Between MTHFR Polymorphisms and Classical Thrombophilia-Associated SNPs.	Automatic Weekly Digest (Apr 12 2026 to Apr 18 2026)	0.9859081506729126
Not Relevant	41987545	1	CFTR-related disorders (CFTR-RD) : definition and illustration by a clinical case of reccurent acute pancreatitis in an adolescent.	Automatic Weekly Digest (Apr 12 2026 to Apr 18 2026)	0.9849579930305481
Relevant	41973709	1	Genetic, clinical, and biochemical profiling of Gilbert syndrome in a Nepali cohort: High prevalence of the UGT1A1 c.-3279T>G polymorphism and correlation with hematological parameters.	Automatic Weekly Digest (Apr 12 2026 to Apr 18 2026)	0.9848051071166992
Relevant	41971281	1	Cost-utility analysis of stratified isoniazid dosing by NAT2 genotype compared with isoniazid standard regimen for new patients with pulmonary tuberculosis in Thailand.	Automatic Weekly Digest (Apr 12 2026 to Apr 18 2026)	0.9779243469238281
Curated	41968188	1	Associations between antihypertensive drug-related gene polymorphisms and cardiovascular outcomes in hypertensive patients: a gene-drug interaction study.	Automatic Weekly Digest (Apr 12 2026 to Apr 18 2026)	0.9548282027244568
Curated	41987814	1	Case Report: Pharmacogenetically-triggered fatal serotonin syndrome following sequential serotonergic therapy in Parkinson's disease: a case highlighting the role of CYP2D6*10/*10 genotype and multifactorial drug interactions.	Automatic Weekly Digest (Apr 12 2026 to Apr 18 2026)	0.9538553357124329
Not Curated	41967150	1	Chalazion and hordeolum associated with Elexacaftor-Tezacaftor-Ivacaftor use in children with cystic fibrosis.	Automatic Weekly Digest (Apr 12 2026 to Apr 18 2026)	0.9427317976951599
Not Relevant	41978911	1	Impact of a Standardized Multidisciplinary Quality Improvement Project to Improve Clinical Outcomes in Cystic Fibrosis: A 12-Month Phased Project at Ain Shams University.	Automatic Weekly Digest (Apr 12 2026 to Apr 18 2026)	0.9254189133644104
Relevant	41975722	1	External Quality Assessment of Molecular Testing for HLA-B*58:01 Allele in Shanghai.	Automatic Weekly Digest (Apr 12 2026 to Apr 18 2026)	0.9253956079483032
Relevant	41970899	1	Structural and Dynamic Perturbations in the RyR1 Selectivity Filter Induced by Ala4893 Mutations: Implications for Malignant Hyperthermia and Myopathy.	Automatic Weekly Digest (Apr 12 2026 to Apr 18 2026)	0.9129015803337097
Not Relevant	41969165	1	Pseudo-Bartter Syndrome in a Pancreatic Insufficient Infant With CFTR, DNAH9, LYST and G6PD Variants.	Automatic Weekly Digest (Apr 12 2026 to Apr 18 2026)	0.9116909503936768
Curated	41992662	1	PharmVar GeneFocus: CYP1A2-Clinical Impact, Genetic Variation, and Updated Nomenclature.	Automatic Weekly Digest (Apr 12 2026 to Apr 18 2026)	0.9087651968002319
Not Curated	41975078	1	Adherence to elexacaftor/tezacaftor/ivacaftor (ETI) among people with cystic fibrosis: the yETI study.	Automatic Weekly Digest (Apr 12 2026 to Apr 18 2026)	0.9068999886512756
Curated	41995114	1	Analytical Validation of an Annotation Tool for WGS-Based Pharmacogenomics: Preparing for Clinical Implementation in Pediatric Oncology.	Automatic Weekly Digest (Apr 12 2026 to Apr 18 2026)	0.9013730883598328
Curated	41957345	1	Influence of combined CYP2C19 and CYP2D6 phenotypes on adverse drug reactions in patients with major depressive disorder: a clinical cohort study.	Automatic Weekly Digest (Apr 05 2026 to Apr 11 2026)	0.9999912977218628
Curated	41949256	1	Exploring the Correlation Between Genotypes of Drug-Metabolizing Enzymes and the Therapeutic Efficacy and Adverse Reactions of Cyclophosphamide in Childhood-Onset Lupus Nephritis: A Chinese Cohort Study.	Automatic Weekly Digest (Apr 05 2026 to Apr 11 2026)	0.9998751878738403
Curated	41949056	1	CYP2C:TG haplotype in Ecuador and Nicaragua: insights into CYP2C19 genotype-phenotype correlation in context to Mestizo populations.	Automatic Weekly Digest (Apr 05 2026 to Apr 11 2026)	0.9995519518852234
Relevant	41935317	1	Comprehensive overview of the global pharmacogenetic and functional variability in NUDT15.	Automatic Weekly Digest (Apr 05 2026 to Apr 11 2026)	0.9986699819564819
Relevant	41936517	1	Keeping up with CFTR modulator eligibility.	Automatic Weekly Digest (Apr 05 2026 to Apr 11 2026)	0.9970079660415649
Relevant Association	41955878	1	Impact of POR and cytochrome b5 variability on the genotype-phenotype discordance of CYP2A6 and CYP2D6: A quantitative analysis in Chinese human livers.	Automatic Weekly Digest (Apr 05 2026 to Apr 11 2026)	0.9969131350517273
Not Curated	41947741	1	Improving Pancreatic Function With Elexacaftor/Tezacaftor/Ivacaftor.	Automatic Weekly Digest (Apr 05 2026 to Apr 11 2026)	0.9892974495887756
Curated	41947660	1	Association of Human Leucocyte Antigen with Tacrolimus Pharmacokinetics in Renal Transplant Patients.	Automatic Weekly Digest (Apr 05 2026 to Apr 11 2026)	0.9889199733734131
Relevant	41953196	1	Challenges and prospects of CYP2C19 genotype-guided clopidogrel therapy from the perspective of precision medicine.	Automatic Weekly Digest (Apr 05 2026 to Apr 11 2026)	0.97773277759552
Curated	41948716	1	Case Report: Pediatric isavuconazole supratherapeutic exposure: a case of long-term use, CYP3A5 poor metabolizer genotype and concomitant CYP3A4 medications.	Automatic Weekly Digest (Apr 05 2026 to Apr 11 2026)	0.9655758142471313
Not Curated	41940472	1	The Evaluation of the Genotype and Phenotype Relationship in Patients With Nasal Polyps in Cystic Fibrosis Registry of Turkey.	Automatic Weekly Digest (Apr 05 2026 to Apr 11 2026)	0.9612748026847839
Curated	41964137	1	Association of SCN1A and SCN2A Gene Polymorphisms with Antiseizure Medication Responsiveness: A Case-Control Study from Eastern India.	Automatic Weekly Digest (Apr 05 2026 to Apr 11 2026)	0.9431506395339966
Not Curated	41953138	1	CFTR gene variant detection in moroccan individuals via nanopore long-read sequencing.	Automatic Weekly Digest (Apr 05 2026 to Apr 11 2026)	0.9379358291625977
Curated	41961764	1	CACNA2D2 rs56287038:G&gt;T and SCN1A rs2298771:C&gt;T Variants Are Associated with Antiseizure Medication Response in Turkish Epilepsy Patients : A Pilot Study.	Automatic Weekly Digest (Apr 05 2026 to Apr 11 2026)	0.9368755221366882
Curated	41935281	1	Genetic predictors of lithium response in an ethiopian cohort of patients with bipolar disorder.	Automatic Weekly Digest (Apr 05 2026 to Apr 11 2026)	0.9243131875991821
Not Curated	41951873	1	The Effect of Arylquinoline-Based EGFR and FAK Kinase Inhibitors on the Activity of Major Cytochrome P450 Enzymes.	Automatic Weekly Digest (Apr 05 2026 to Apr 11 2026)	0.9034191966056824
Curated	41913278	1	Malignant Hyperthermia in Slavonic cohort - clinical and genetic findings beyond standard diagnostics.	Automatic Weekly Digest (Mar 29 2026 to Apr 04 2026)	0.9994620680809021
Curated	41918264	1	Current Status and the Need for CFTR Modulator Therapy in Cystic Fibrosis Patients in Mainland China: A Case Report and Literature Review.	Automatic Weekly Digest (Mar 29 2026 to Apr 04 2026)	0.9988732933998108
Relevant	28520363	1	Abacavir Therapy and HLA-B*57:01 Genotype	Automatic Weekly Digest (Mar 29 2026 to Apr 04 2026)	0.9987780451774597
Curated	41925081	1	HLA-A*11:01 and HLA-C*03 Binding to FKBP1A Influences the Efficacy of Tacrolimus in Myasthenia Gravis Subgroups.	Automatic Weekly Digest (Mar 29 2026 to Apr 04 2026)	0.9984257817268372
Curated	41906544	1	Understanding Atomoxetine Exposure Variability in Children and Adolescents With ADHD Through Population Pharmacokinetics.	Automatic Weekly Digest (Mar 29 2026 to Apr 04 2026)	0.9978983998298645
Relevant	41924139	1	Distribution of NUDT15*4 in Native American populations of the Brazilian Amazon and risk of intolerance to thiopurine drugs.	Automatic Weekly Digest (Mar 29 2026 to Apr 04 2026)	0.9967092275619507
Relevant	41908226	1	Genetic variants of CYP2C19 and CYP2C18 and their clinical implications in the Saudi population.	Automatic Weekly Digest (Mar 29 2026 to Apr 04 2026)	0.9961571097373962
Not Curated	41928517	1	Systemic effects of cystic fibrosis transmembrane conductance regulator modulators on the plasma and serum proteome.	Automatic Weekly Digest (Mar 29 2026 to Apr 04 2026)	0.9961462020874023
Curated	41932892	1	Association of folylpolyglutamate synthase polymorphisms with methotrexate response and toxicity in rheumatoid arthritis: a meta-analysis.	Automatic Weekly Digest (Mar 29 2026 to Apr 04 2026)	0.9939723014831543
Relevant	41932844	1	The Burden of Adverse Drug Reactions in Africa in the Context of Pharmacogenetics-Based Clinical Guidelines.	Automatic Weekly Digest (Mar 29 2026 to Apr 04 2026)	0.993124783039093
Relevant	41920076	1	Altered functional interactions between CFTR disease mutants deltaF508 and G551D and the protein kinase A catalytic subunit.	Automatic Weekly Digest (Mar 29 2026 to Apr 04 2026)	0.987613320350647
Curated	41914989	1	Angiotensin-converting enzyme insertion/deletion gene polymorphism in children with nephrotic syndrome: Genotype-phenotype correlations.	Automatic Weekly Digest (Mar 29 2026 to Apr 04 2026)	0.9850579500198364
Not Curated	41919747	1	Systematic Review of Nasal Endoscopy Scores in Cystic Fibrosis Patients Treated With Cystic Fibrosis Transmembrane Conductance Regulator Modulators.	Automatic Weekly Digest (Mar 29 2026 to Apr 04 2026)	0.9812309741973877
Relevant	41905950	1	Effect of Cytochrome P450 3A4 Genetic Polymorphisms on Heme Recognition by Using Molecular Dynamics Simulations.	Automatic Weekly Digest (Mar 29 2026 to Apr 04 2026)	0.9724605083465576
Curated	41908817	1	Gabapentin CNS exposure and analgesic response are modulated by OCT2 genotype in patients with chronic neuropathic pain.	Automatic Weekly Digest (Mar 29 2026 to Apr 04 2026)	0.960602879524231
Not Curated	41908942	1	An Integrated Population Pharmacokinetic and Machine Learning Model for Predicting Tacrolimus Exposure in Adult Patients with Nephrotic Syndrome.	Automatic Weekly Digest (Mar 29 2026 to Apr 04 2026)	0.9438116550445557
Relevant	41925277	1	PKC activators improve the function of biogenesis-deficient CFTR channels.	Automatic Weekly Digest (Mar 29 2026 to Apr 04 2026)	0.9202225804328918
Curated	41910772	1	The SLCO1B1 c.521 T>C variant (rs4149056) is not associated with muscular symptoms or PCSK9-inhibitor prescription in patients with severe hypercholesterolemia and contemporary lipid lowering therapy.	Automatic Weekly Digest (Mar 29 2026 to Apr 04 2026)	0.9195524454116821
Not Curated	41915378	1	Effects of Ensitrelvir on the Pharmacokinetics of Combined Oral Contraceptives (Ethinyl Estradiol/Drospirenone) in Healthy Adult Women: A Phase 1 Fixed-Sequence, Multiple-Dose, Drug-Drug Interaction Study.	Automatic Weekly Digest (Mar 29 2026 to Apr 04 2026)	0.9069350361824036
Curated	41908795	1	Effectiveness, safety, and biomarker analysis of sacituzumab govitecan in Chinese metastatic breast cancer: a multicenter real-world study.	Automatic Weekly Digest (Mar 29 2026 to Apr 04 2026)	0.9018090963363647
Curated	41892813	1	Genetic Variants Associated with Non-Steroidal Anti-Inflammatory Drug-Induced Stevens-Johnson Syndrome and Toxic Epidermal Necrolysis.	Automatic Weekly Digest (Mar 22 2026 to Mar 28 2026)	0.9999538660049438
Curated	41873427	1	Effect of Cytochrome P450 2C9 genetic polymorphism on agomelatine metabolism in vitro.	Automatic Weekly Digest (Mar 22 2026 to Mar 28 2026)	0.9997917413711548
Relevant	41875007	1	Pharmacogenomics of anti-seizure medications in Epilepsy: a systematic review of genetic predictors of response and tolerance.	Automatic Weekly Digest (Mar 22 2026 to Mar 28 2026)	0.9996355175971985
Curated	41871565	1	Response to modulator therapy in a cystic fibrosis patient with a single identified CFTR variant not eligible for modulator treatment.	Automatic Weekly Digest (Mar 22 2026 to Mar 28 2026)	0.9992685317993164
Not Curated	41877010	1	Evaluation of clinically relevant sevoflurane concentrations in the development of malignant hyperthermia in an Ryr1 mutant mouse model.	Automatic Weekly Digest (Mar 22 2026 to Mar 28 2026)	0.9988645315170288
Not Curated	41884385	1	Cutaneous Symptoms of Cystic Fibrosis: A Narrative Review.	Automatic Weekly Digest (Mar 22 2026 to Mar 28 2026)	0.998457670211792
Curated	41901303	1	Genetic Variants Associated with Fluoropyrimidine-Induced Toxicity in Real-World Patients After Pre-Emptive DPYD Pharmacogenetic Testing.	Automatic Weekly Digest (Mar 22 2026 to Mar 28 2026)	0.9982547163963318
Relevant	41869727	1	Targeting PI3Kgamma anchoring enhances CFTR membrane localization and modulator efficacy via PKD1.	Automatic Weekly Digest (Mar 22 2026 to Mar 28 2026)	0.9963868856430054
Not Curated	41876357	1	Inhibition of human liver cytochrome P450 2D6 (CYP6D2) by tetrahydropalmatine, protopine, and dehydrocorydaline and their oxidative metabolism.	Automatic Weekly Digest (Mar 22 2026 to Mar 28 2026)	0.99180006980896
Not Curated	41871628	1	ACE I/D genotype influences longitudinal serum ACE activity in sarcoidosis.	Automatic Weekly Digest (Mar 22 2026 to Mar 28 2026)	0.9912480115890503
Curated	41898786	1	SULT and UGT Genetic Variants Modulate Side Effect Profiles in South African Breast Cancer Patients Treated with Tamoxifen.	Automatic Weekly Digest (Mar 22 2026 to Mar 28 2026)	0.9902547001838684
Not Curated	41868441	1	The Hidden Perils of Allopurinol: A Systematic Review of Allopurinol-Induced DRESS (Drug Reaction With Eosinophilia and Systemic Symptoms) Syndrome.	Automatic Weekly Digest (Mar 22 2026 to Mar 28 2026)	0.9830365777015686
Not Curated	41898631	1	Distinct CFTR Mutation Spectrum and Atypical Clinical Presentations in Chinese Patients with Cystic Fibrosis.	Automatic Weekly Digest (Mar 22 2026 to Mar 28 2026)	0.9815634489059448
Not Curated	41870397	1	Jugular Vein Occlusion-Induced Intracranial Hypertension Mimicking Cystic Fibrosis Transmembrane Conductance Regulator (CFTR) Modulator-Associated Intracranial Hypertension: A Diagnostic Pitfall.	Automatic Weekly Digest (Mar 22 2026 to Mar 28 2026)	0.9742692112922668
Not Relevant	41876375	1	Nanopore Sequencing of Previously Unreported HLA-DRA Alleles.	Automatic Weekly Digest (Mar 22 2026 to Mar 28 2026)	0.9616551995277405
Relevant	41898379	1	Antidepressant-Induced Apathy in Adolescents with a Depressive Episode While Taking Sertraline: Results of 8-Week Observational Study with Pharmacogenetic Testing for CYP2C19.	Automatic Weekly Digest (Mar 22 2026 to Mar 28 2026)	0.9613355994224548
Not Curated	41899369	1	Safety Profile and Tumor Response of EGFR-TKIs in Clinical Practice: A Real-World Study in Thailand.	Automatic Weekly Digest (Mar 22 2026 to Mar 28 2026)	0.9590979218482971
Not Curated	41892019	1	Exposure to CFTR Modulators During Pregnancy in Cystic Fibrosis: Four Cases to Highlight Neonatal Diagnostic Challenges and Outcomes.	Automatic Weekly Digest (Mar 22 2026 to Mar 28 2026)	0.952216386795044
Relevant	41880803	1	Drug-drug interactions of antidepressant ammoxetine mediated by cytochrome P450 2D6 and multidrug and toxin extrusion protein 1: From in vitro mechanistic investigations to in vivo validation.	Automatic Weekly Digest (Mar 22 2026 to Mar 28 2026)	0.9459649920463562
Curated	41893359	1	Pharmacometabolomics Detects Unreported Clopidogrel Metabolites in the Urine of Kidney and Liver Transplant Recipients.	Automatic Weekly Digest (Mar 22 2026 to Mar 28 2026)	0.9443038702011108
Not Relevant	41898265	1	Association of Genetic Polymorphisms with Ischemic Sudden Cardiac Death: A Comparative Case-Control Study in North-Western Transylvania (Romania).	Automatic Weekly Digest (Mar 22 2026 to Mar 28 2026)	0.9385908246040344
Not Curated	41892871	1	Explainable Artificial Intelligence Unravels the Possible Distinct Roles of VKORC1 and CYP2C9 in Predicting Warfarin Anticoagulation Control.	Automatic Weekly Digest (Mar 22 2026 to Mar 28 2026)	0.9303949475288391
Not Curated	41882691	1	The association between methotrexate metabolism-related gene polymorphisms and therapeutic efficacy and toxicity in patients with rheumatoid arthritis.	Automatic Weekly Digest (Mar 22 2026 to Mar 28 2026)	0.9282198548316956
Not Curated	41887616	1	Sacituzumab govitecan in Japanese participants with HR+/HER2- metastatic breast cancer: primary results from the phase II ASCENT-J02 study.	Automatic Weekly Digest (Mar 22 2026 to Mar 28 2026)	0.9244846701622009
Not Curated	41889154	1	Novel Genetic Risk Factor Identified for L-Asparaginase-Induced Pancreatitis in Pediatric Patients With Cancer.	Automatic Weekly Digest (Mar 22 2026 to Mar 28 2026)	0.9175913333892822
Not Relevant	41873480	1	The Novel HLA Class II Alleles DRB1*15:03:06, DQB1*03:01:69 and DPB1*04:01:95 Identified in Brazilian Donors.	Automatic Weekly Digest (Mar 22 2026 to Mar 28 2026)	0.916877269744873
Not Curated	41881763	1	Treatment with elexacaftor/tezacaftor/ivacaftor does not alter SpiroNose-derived electronic breath profiles in children with cystic fibrosis.	Automatic Weekly Digest (Mar 22 2026 to Mar 28 2026)	0.9135074019432068
Not Curated	41890477	1	Analysis of the Expression and Mutation of Several Genes Related to Hearing Loss in Children in Vietnam.	Automatic Weekly Digest (Mar 22 2026 to Mar 28 2026)	0.9125555157661438
Not Curated	41898875	1	Frequency and Hearing Loss Phenotypes of OPA1 Variants in a Cohort of 18,475 Patients with Hearing Impairment.	Automatic Weekly Digest (Mar 22 2026 to Mar 28 2026)	0.9031788110733032
Curated	41845570	1	Impact of CYP2D6 Genotype and Inhibitor Use on Risperidone Metabolism in Children: Functional Insights Into the *17 and *29 Alleles.	Automatic Weekly Digest (Mar 15 2026 to Mar 21 2026)	0.9997950792312622
Curated	41860236	1	Impact of Pharmacokinetic Gene Polymorphisms on Statin-Induced Myotoxicity in Thai Patients Treated With Simvastatin.	Automatic Weekly Digest (Mar 15 2026 to Mar 21 2026)	0.9997913241386414
Relevant	41847134	1	Prevalence of actionable pharmacogenomic variants in Brazilian patients with cancer.	Automatic Weekly Digest (Mar 15 2026 to Mar 21 2026)	0.9988821148872375
Curated	41846570	1	ABCG2 and allopurinol response: when pharmacogenetics collides with fixed-dose practice.	Automatic Weekly Digest (Mar 15 2026 to Mar 21 2026)	0.9983426928520203
Relevant	41836059	1	Allelic diversity of the pharmacogenes CYP2D6 and CYP2C19 in Māori from Te Tairāwhiti, Aotearoa New Zealand.	Automatic Weekly Digest (Mar 15 2026 to Mar 21 2026)	0.9977037310600281
Curated	41861156	1	Effects of apolipoprotein E and solute carrier organic anion transporter family member 1B1 gene polymorphisms on statin efficacy and safety in dyslipidemic patients.	Automatic Weekly Digest (Mar 15 2026 to Mar 21 2026)	0.9975221753120422
Curated	41849095	1	ABCC2 rs2273697 is an independent determinant of tacrolimus intra-patient variability during the first year after kidney transplantation.	Automatic Weekly Digest (Mar 15 2026 to Mar 21 2026)	0.9956738352775574
Curated	41847141	1	Sertraline safety in adolescents experiencing a depressive episode during first 3 weeks: added anxiolytic matters more than CYP2C19 polymorphisms.	Automatic Weekly Digest (Mar 15 2026 to Mar 21 2026)	0.9956104159355164
Relevant	41833043	1	Pharmacology and Pharmacogenomics of Anti-Migraine Drugs.	Automatic Weekly Digest (Mar 15 2026 to Mar 21 2026)	0.9934053421020508
Curated	41846573	1	Application of risk priority number of failure mode and effects analysis to drug-variant pairs for severe cutaneous adverse reactions in Korean and American populations.	Automatic Weekly Digest (Mar 15 2026 to Mar 21 2026)	0.9884603023529053
Curated	41862488	1	A multi-ancestry genome-wide study of tamoxifen metabolism and breast cancer recurrence.	Automatic Weekly Digest (Mar 15 2026 to Mar 21 2026)	0.9880292415618896
Not Curated	41832906	1	Current State of Clinical Care of People With Cystic Fibrosis.	Automatic Weekly Digest (Mar 15 2026 to Mar 21 2026)	0.9851959943771362
Relevant	41836751	1	NAT2 Acetylation Phenotypes in India: A Narrative Review of Personalized TB Therapy.	Automatic Weekly Digest (Mar 15 2026 to Mar 21 2026)	0.9747278094291687
Not Relevant	41847485	1	First report of malignant hyperthermia syndrome in an American Guinea hog.	Automatic Weekly Digest (Mar 15 2026 to Mar 21 2026)	0.9524062871932983
Not Curated	41837895	1	Safety and efficacy of elexacaftor/tezacaftor/ivacaftor in adolescents and adults with cystic fibrosis and F508del-gating and F508del-residual function genotypes: Results from an open-label extension study.	Automatic Weekly Digest (Mar 15 2026 to Mar 21 2026)	0.9487013220787048
Not Relevant	41839737	1	Polymorphism in Exon 5 Defines the Novel HLA-E*01:156 Allele.	Automatic Weekly Digest (Mar 15 2026 to Mar 21 2026)	0.9454997777938843
Not Curated	41850218	1	The effect of HFE gene mutation and iron overload on sustained virological response in Egyptian chronic hepatitis C patients treated with daclatasvir and sofosbuvir.	Automatic Weekly Digest (Mar 15 2026 to Mar 21 2026)	0.9413956999778748
Not Curated	41845155	1	Pharmacokinetics of Asciminib 200 mg in the Presence of a Strong CYP3A4 Inducer, Phenytoin, in Healthy Participants.	Automatic Weekly Digest (Mar 15 2026 to Mar 21 2026)	0.9409765005111694
Not Curated	41861057	1	The challenges of detecting neutrophil CFTR.	Automatic Weekly Digest (Mar 15 2026 to Mar 21 2026)	0.9395997524261475
Not Curated	41853783	1	Association between HLA alleles and adverse drug reactions. Mechanisms involved.	Automatic Weekly Digest (Mar 15 2026 to Mar 21 2026)	0.9372226595878601
Curated	41856549	1	Mechanistic explanation for the different statin response according to APOE genotypes.	Automatic Weekly Digest (Mar 15 2026 to Mar 21 2026)	0.9288944602012634
Relevant	41855594	1	Overlooked aspects of scaling enzyme activity through abundance across tissues and individuals: Insights from k cat measurements in matched liver and intestinal samples.	Automatic Weekly Digest (Mar 15 2026 to Mar 21 2026)	0.907309889793396
Not Curated	41861437	1	The association of selected genetic polymorphisms with adverse events following COVID-19 vaccination: a single-centre prospective observational cohort study.	Automatic Weekly Digest (Mar 15 2026 to Mar 21 2026)	0.9011887907981873
Curated	41803106	1	Computational variant predictors for pharmacogenomics: from evaluation of single alleles to assessment of adverse drug reactions to antidepressants.	Automatic Weekly Digest (Mar 08 2026 to Mar 14 2026)	0.9998356103897095
Curated	41806934	1	Identification and drug metabolic activity evaluation of 12 CYP2D6 allelic variants newly detected in the Chinese population.	Automatic Weekly Digest (Mar 08 2026 to Mar 14 2026)	0.9996339678764343
Relevant	41797628	1	Dihydropyrimidine dehydrogenase (DPYD) genetic testing and treatment with 5-fluoropyrimidines in cancer patients: prevalence of variants with decreased activity and chemotherapy outcomes.	Automatic Weekly Digest (Mar 08 2026 to Mar 14 2026)	0.9995848536491394
Curated	41827135	1	The Early Safety Signal of Sacituzumab Govitecan-Related Toxicity and the UGT1A1*28 Genotype in Metastatic Breast Cancer: A Real-World Preliminary Report.	Automatic Weekly Digest (Mar 08 2026 to Mar 14 2026)	0.9995104670524597
Relevant	41805301	1	A Proposed North American Approach for Genetic Testing of Individuals at Risk for Malignant Hyperthermia.	Automatic Weekly Digest (Mar 08 2026 to Mar 14 2026)	0.9992443323135376
Not Curated	41815026	1	Evolution of thoracic computed tomography after therapy with elexacaftor, tezacaftor, and ivacaftor in patients with cystic fibrosis.	Automatic Weekly Digest (Mar 08 2026 to Mar 14 2026)	0.9986740946769714
Curated	41800094	1	DPYD genotyping in patients receiving capecitabine: an exploratory analysis from the D-TORCH study.	Automatic Weekly Digest (Mar 08 2026 to Mar 14 2026)	0.9965559840202332
Relevant	41819030	1	Optimizing mercaptopurine therapy in indian pediatric ALL: The role of TPMT and NUDT15 genetic polymorphisms.	Automatic Weekly Digest (Mar 08 2026 to Mar 14 2026)	0.9963181614875793
Curated	41820792	1	Impact of CYP2D6 Metabolizer Status on Ondansetron Efficacy in Early Pregnancy Induced Nausea and Vomiting: A Case Control Study.	Automatic Weekly Digest (Mar 08 2026 to Mar 14 2026)	0.996188759803772
Curated	41806325	1	CFTR Modulators in Brazil: Not for Everyone-A Comparison of Ineligibility Across Different Regions.	Automatic Weekly Digest (Mar 08 2026 to Mar 14 2026)	0.9949427843093872
Relevant	41827212	1	Clinical Significance of MTHFR C677T and A1298C Polymorphisms in Adult Patients with ALL and NHL.	Automatic Weekly Digest (Mar 08 2026 to Mar 14 2026)	0.9947710633277893
Not Curated	41795673	1	MLPA-Detected CFTR Exon Deletions in Children With Inconclusive CFTR Sequencing: A Single-Center Experience From Türkiye.	Automatic Weekly Digest (Mar 08 2026 to Mar 14 2026)	0.9945508241653442
Curated	41818096	1	Implications of Acetylator Status and Therapeutic Drug Monitoring of Plasma Rifampicin and Isoniazid Concentrations among Indians.	Automatic Weekly Digest (Mar 08 2026 to Mar 14 2026)	0.994257390499115
Curated	41821195	1	Genetic and clinical determinants of tacrolimus accumulation in early liver transplantation: evidence for a combined genotype-antibiotic effect.	Automatic Weekly Digest (Mar 08 2026 to Mar 14 2026)	0.9939584136009216
Curated	41794841	1	Pharmacogenetics of RAS-affecting AGT and ACE variants and the efficacy of Valsartan/HCTZ therapy.	Automatic Weekly Digest (Mar 08 2026 to Mar 14 2026)	0.9913296699523926
Curated	41824396	1	Deucravacitinib-induced cutaneous hypersensitivity reactions.	Automatic Weekly Digest (Mar 08 2026 to Mar 14 2026)	0.9756503105163574
Relevant	41826790	1	Impact of Efavirenz on Heme Protein Induction and Biomarkers: Insights From In Vitro Experiments and a Clinical Study.	Automatic Weekly Digest (Mar 08 2026 to Mar 14 2026)	0.9732380509376526
Curated	41805996	1	Trough concentration of voriconazole and its association with central nervous system toxicity in patients with hematologic malignancies: a retrospective cohort study.	Automatic Weekly Digest (Mar 08 2026 to Mar 14 2026)	0.9732211828231812
Relevant	41826263	1	A Clinically Relevant Drug Interaction Between Busulfan and Rifampin in the Setting of Hematopoietic Stem Cell Transplant Conditioning.	Automatic Weekly Digest (Mar 08 2026 to Mar 14 2026)	0.9717583656311035
Not Curated	41811645	1	Long-Term Adherence to Elexacaftor/Tezacaftor/Ivacaftor in People with Cystic Fibrosis.	Automatic Weekly Digest (Mar 08 2026 to Mar 14 2026)	0.9713194370269775
Curated	41797705	1	Precision dosing of clozapine: A physiologically based pharmacokinetic/pharmacodynamic model integrating genetic polymorphisms and clinical outcomes.	Automatic Weekly Digest (Mar 08 2026 to Mar 14 2026)	0.9707164168357849
Not Curated	41828725	1	A Diagnostic Dilemma: Concurrent Diagnosis of Cystic Fibrosis and Definitive Kabuki Syndrome Type 1.	Automatic Weekly Digest (Mar 08 2026 to Mar 14 2026)	0.9660968780517578
Not Curated	41813505	1	The impact of progressive expansion of elexacaftor-tezacaftor-ivacaftor availability on lung transplant for cystic fibrosis in France.	Automatic Weekly Digest (Mar 08 2026 to Mar 14 2026)	0.9619227647781372
Not Curated	41813504	1	Discussing the potential health impacts of carrying a single CF-causing CFTR mutation during consult with people with CF who are planning a pregnancy.	Automatic Weekly Digest (Mar 08 2026 to Mar 14 2026)	0.9596637487411499
Not Curated	41807956	1	Genetic and clinical characteristics of pediatric patients with cystic fibrosis: a single-center retrospective study in China.	Automatic Weekly Digest (Mar 08 2026 to Mar 14 2026)	0.9535024762153625
Not Curated	41829925	1	Prevalence of Overweight and Obesity in the Era of CFTR Modulators in Patients with Cystic Fibrosis.	Automatic Weekly Digest (Mar 08 2026 to Mar 14 2026)	0.9489334225654602
Not Curated	41816939	1	Hypochloremic Hypokalemic Metabolic Alkalosis as a Manifestation of CFTR-Related Disorder.	Automatic Weekly Digest (Mar 08 2026 to Mar 14 2026)	0.940128743648529
Not Curated	41797334	1	To Study the Association of HLA-DQ2/8 With Celiac Disease and Identifying Proxy-SNPs for Predicting Their Presence in North Indian Population.	Automatic Weekly Digest (Mar 08 2026 to Mar 14 2026)	0.9181841611862183
Not Curated	41830071	1	Reduced Serum Urate Concentrations Despite Unchanged Allopurinol Dosing in Gout Patients Commenced on Dialysis: A Retrospective Chart Review.	Automatic Weekly Digest (Mar 08 2026 to Mar 14 2026)	0.916665256023407
Curated	41822374	1	Liver Necrosis in a Patient Receiving Isavuconazole: Making the Case for Therapeutic Drug Monitoring.	Automatic Weekly Digest (Mar 08 2026 to Mar 14 2026)	0.9099209904670715
Not Curated	41814527	1	Improved Quality of Life in Children With Cystic Fibrosis Who Received Transmembrane Conductance Regulator Modulators.	Automatic Weekly Digest (Mar 08 2026 to Mar 14 2026)	0.9007521271705627
Not Curated	41766154	1	Association of MTHFR gene polymorphisms with methotrexate metabolism in children with acute lymphoblastic leukemia.	Automatic Weekly Digest (Mar 01 2026 to Mar 07 2026)	0.9998036026954651
Curated	41766350	1	Genetic and clinical predictors of voriconazole pharmacokinetics and hepatotoxicity: focused on CYP2C19 normal and intermediate metabolizers.	Automatic Weekly Digest (Mar 01 2026 to Mar 07 2026)	0.9996113777160645
Curated	41774388	1	Role of Pharmacogenetics on Tramadol Pharmacokinetics: A Population Pharmacokinetic Model.	Automatic Weekly Digest (Mar 01 2026 to Mar 07 2026)	0.9993008971214294
Curated	41791861	1	Impact of CYP2C19 genotyping on clopidogrel therapy adjustments in patients with stroke or TIA.	Automatic Weekly Digest (Mar 01 2026 to Mar 07 2026)	0.9990587830543518
Curated	41791456	1	Influence of CYP2D6 phenotype on the pharmacokinetics and pharmacodynamics of tramadol in patients treated for post-operative pain management.	Automatic Weekly Digest (Mar 01 2026 to Mar 07 2026)	0.9981785416603088
Relevant	41772361	1	Pharmacogenetics of CYP3A5 in Pediatric Patients With Eosinophilic Esophagitis.	Automatic Weekly Digest (Mar 01 2026 to Mar 07 2026)	0.9959931373596191
Relevant	29763212	1	Brivaracetam Therapy and CYP2C19 Genotype	Automatic Weekly Digest (Mar 01 2026 to Mar 07 2026)	0.9935111999511719
Relevant	41787130	1	In Silico Comparison of Rifampicin and 25-desacetyl Rifampicin-Induced PXR-Mediated CYP450 Transcriptional Response in 3D Primary Human Hepatocytes.	Automatic Weekly Digest (Mar 01 2026 to Mar 07 2026)	0.9922544360160828
Relevant	41786889	1	Reconstructing the pharmacogenomic landscape of psychiatric medication metabolism in the Indian population.	Automatic Weekly Digest (Mar 01 2026 to Mar 07 2026)	0.9911027550697327
Curated	41783581	1	Genetic variability and response to sertraline in pediatric populations: a review on pharmacogenetics, pharmacokinetics, and the risk of adverse events.	Automatic Weekly Digest (Mar 01 2026 to Mar 07 2026)	0.9859237670898438
Relevant	41765052	1	Effect of vanzacaftor/tezacaftor/ivacaftor on cystic fibrosis nasal epithelial cells and intestinal organoids compared to elexacaftor/tezacaftor/ivacaftor.	Automatic Weekly Digest (Mar 01 2026 to Mar 07 2026)	0.9831874966621399
Relevant	41769458	1	A Rare Case of Suspected Malignant Hyperthermia in a Three-Day-Old Neonate: A Case Report.	Automatic Weekly Digest (Mar 01 2026 to Mar 07 2026)	0.9787705540657043
Relevant	41789820	1	Pharmacokinetic and pharmacogenomic predictors of hepatotoxicity in the HIRIF trial for drug-susceptible tuberculosis.	Automatic Weekly Digest (Mar 01 2026 to Mar 07 2026)	0.9775075316429138
Curated	41786984	1	Effect of transporter gene polymorphisms and valproate co-medication on the steady-state disposition of lamotrigine and their effect on efficacy in adults with epilepsy.	Automatic Weekly Digest (Mar 01 2026 to Mar 07 2026)	0.9700379967689514
Not Curated	41763571	1	In Utero CFTR Modulator Therapy in Fetuses With Cystic Fibrosis.	Automatic Weekly Digest (Mar 01 2026 to Mar 07 2026)	0.9686386585235596
Curated	41766069	1	Inflammation-driven variability in drug metabolism: Insights from voriconazole treatment of HSCT recipients.	Automatic Weekly Digest (Mar 01 2026 to Mar 07 2026)	0.9672136306762695
Relevant	41769530	1	Neonatal Screening for Glucose-6-Phosphate Dehydrogenase (G6PD) Gene Variants and Their Association With Hyperbilirubinemia and Phototherapy Needs.	Automatic Weekly Digest (Mar 01 2026 to Mar 07 2026)	0.961465060710907
Curated	41777427	1	Survival of patients with colorectal or pancreatic cancer who received UGT1A1 genotype-guided dosing of irinotecan in the Netherlands (2017-2024): a retrospective, multicentre cohort study.	Automatic Weekly Digest (Mar 01 2026 to Mar 07 2026)	0.958391547203064
Relevant	41776629	1	Pharmacogenomic predictors of anthracycline-induced cardiotoxicity in breast cancer patients: a systematic review and meta-analysis.	Automatic Weekly Digest (Mar 01 2026 to Mar 07 2026)	0.9532792568206787
Relevant	41788072	1	PHARMACOGENETIC MARKERS IN PEDIATRIC ACUTE LYMPHOBLASTIC LEUKEMIA THERAPY.	Automatic Weekly Digest (Mar 01 2026 to Mar 07 2026)	0.9497458338737488
Curated	41784061	1	Clinical Evaluation of Drug-Drug Interactions With Aficamten.	Automatic Weekly Digest (Mar 01 2026 to Mar 07 2026)	0.9442169666290283
Curated	41790137	1	NFE2L2 rs35652124C>T polymorphism predicts Grade 4 neutropenia in esophageal cancer patients treated with docetaxel, cisplatin, and fluorouracil chemotherapy: results from exploratory and validation cohorts.	Automatic Weekly Digest (Mar 01 2026 to Mar 07 2026)	0.9382891058921814
Not Curated	41775597	1	Impact of Elexacaftor-Tezacaftor-Ivacaftor on fungal colonisation in children and adolescents with cystic fibrosis.	Automatic Weekly Digest (Mar 01 2026 to Mar 07 2026)	0.9354506731033325
Relevant	41771293	1	Serum Concentration-Dependent Inhibition of CYP2D6 by Bupropion and Doxepin: Implications for Venlafaxine and Risperidone Metabolism.	Automatic Weekly Digest (Mar 01 2026 to Mar 07 2026)	0.9314462542533875
Relevant Association	41793576	1	Suicide by flecainide: a case report and review of the literature.	Automatic Weekly Digest (Mar 01 2026 to Mar 07 2026)	0.9091059565544128
Curated	41754751	1	Influence of CYP2D6, CYP2C19, and CYP2C9 Pharmacogenetics and Clinical Factors on Dose-Normalized Venlafaxine/O-Desmethylvenlafaxine Metabolic Ratio in Spanish Patients.	Automatic Weekly Digest (Feb 22 2026 to Feb 28 2026)	0.9998046159744263
Relevant	41760597	1	Population frequencies of thiopurine-related pharmacogenes in healthy individuals from Kosovo.	Automatic Weekly Digest (Feb 22 2026 to Feb 28 2026)	0.9997854828834534
Relevant	41758322	1	PBPK modeling of the antidepressant doxepin incorporating CYP2D6 genotype for precision pharmacotherapy.	Automatic Weekly Digest (Feb 22 2026 to Feb 28 2026)	0.9996749758720398
Relevant	41728397	1	Clinical Pharmacogenomic Variants Among the Saudi Population and Their Impact on Drug Response: A Review of Saudi-Based Evidence.	Automatic Weekly Digest (Feb 22 2026 to Feb 28 2026)	0.9995090365409851
Curated	41759239	1	Pharmacogenetic influence on bupropion bioactivation and clinical outcomes in major depressive disorder.	Automatic Weekly Digest (Feb 22 2026 to Feb 28 2026)	0.9993496537208557
Relevant	41754974	1	Evaluating the Impact of CYP2D6 Phenotype on Fluvoxamine Pharmacokinetics in Geriatric Patients Using Physiologically Based Pharmacokinetic Modeling.	Automatic Weekly Digest (Feb 22 2026 to Feb 28 2026)	0.9991289973258972
Not Curated	41753255	1	HLA DRB1*01 and *04 Predisposition to Rheumatoid Arthritis and Polymorphisms of the SLCO1B1, MTHFR and PNPLA3 Genes Are Not Associated with Fatty Liver and Hepatotoxicity.	Automatic Weekly Digest (Feb 22 2026 to Feb 28 2026)	0.9989698529243469
Not Curated	41738096	1	Elexacaftor/Tezacaftor/Ivacaftor for Cystic Fibrosis and Rare CFTR Variants: In Vitro Translation to a Phase 3, Double-Blind, Randomized, Placebo-controlled Trial and Real-World Study.	Automatic Weekly Digest (Feb 22 2026 to Feb 28 2026)	0.9973062872886658
Curated	41749399	1	Effects of CYP1A2 genetic polymorphisms on the pharmacokinetics of pentoxifylline and its active metabolites.	Automatic Weekly Digest (Feb 22 2026 to Feb 28 2026)	0.9969755411148071
Not Curated	41741303	1	Clinical, functional and therapeutic evaluation of CFTR variant I507del.	Automatic Weekly Digest (Feb 22 2026 to Feb 28 2026)	0.9969690442085266
Curated	41726170	1	A Pharmacogenomic Basis for Tolerance of 5-Fluorouracil Following Early, Severe Toxicity from Capecitabine in a CDA Ultrarapid Metabolizer Colon Cancer Patient: A Case Report.	Automatic Weekly Digest (Feb 22 2026 to Feb 28 2026)	0.9960265755653381
Curated	41760312	1	The Effect of CYP2D6 Gene Polymorphism on Tramadol Efficacy in Total Knee Arthroplasty.	Automatic Weekly Digest (Feb 22 2026 to Feb 28 2026)	0.9954867362976074
Curated	41758686	1	Identification of additional DPYD polymorphisms that increase the risk of severe fluoropyrimidine toxicity and improved predictive accuracy when combined with previously validated variants.	Automatic Weekly Digest (Feb 22 2026 to Feb 28 2026)	0.9950119256973267
Relevant	41738669	1	Model-Based Strategy for 6-Mercaptopurine Treatment in Acute Lymphoblastic Leukemia Maintenance Phase: Prediction of 6-TGN and 6-MMP Concentrations to Optimize Treatment.	Automatic Weekly Digest (Feb 22 2026 to Feb 28 2026)	0.9940081238746643
Relevant	41760671	1	Large variations in total and allele-specific transcript expression in a disease mutation-independent manner.	Automatic Weekly Digest (Feb 22 2026 to Feb 28 2026)	0.9934883117675781
Relevant Association	41729472	1	Exploring the relationship between XDH gene variants and serum urate and xanthine dehydrogenase levels in gout.	Automatic Weekly Digest (Feb 22 2026 to Feb 28 2026)	0.9932220578193665
Curated	41762662	1	CYP2C19 genetic polymorphisms and proton pump inhibitor therapy resistance in patients with gastrooesophageal reflux disease: a preliminary observational cohort study.	Automatic Weekly Digest (Feb 22 2026 to Feb 28 2026)	0.992988109588623
Relevant	41734150	1	Risk Assessment for Drug-Induced Hyperbilirubinemia: A Mechanistic Approach.	Automatic Weekly Digest (Feb 22 2026 to Feb 28 2026)	0.9920750856399536
Curated	41723744	1	Low-dose lamotrigine co-administration decreases quetiapine plasma concentrations: Effect of UGT2B7-161C>T polymorphism in Japanese patients with depression.	Automatic Weekly Digest (Feb 22 2026 to Feb 28 2026)	0.9881941080093384
Not Curated	41753076	1	The Clinical, Histological, and Genetic Spectrum of RYR1 Variants-A Multi-Center Israeli Cohort Study.	Automatic Weekly Digest (Feb 22 2026 to Feb 28 2026)	0.9881466627120972
Not Curated	41726133	1	Analysis of combined screening results of the hearing and deafness genes in 10,754 newborns.	Automatic Weekly Digest (Feb 22 2026 to Feb 28 2026)	0.984906792640686
Not Curated	41734172	1	The synergistic interaction between ACE and TMPRSS2 polymorphisms increases the risk of severe COVID-19.	Automatic Weekly Digest (Feb 22 2026 to Feb 28 2026)	0.9810552000999451
Relevant	41754908	1	Pharmacogenomics of Antineoplastic Therapy in Children: Genetic Determinants of Toxicity and Efficacy.	Automatic Weekly Digest (Feb 22 2026 to Feb 28 2026)	0.9787912368774414
Not Curated	41735157	1	Therapeutic hopes for CFTR-related recurrent pancreatitis: a case-series.	Automatic Weekly Digest (Feb 22 2026 to Feb 28 2026)	0.97724449634552
Not Curated	41725335	1	Respiratory Oscillometry and Multimodal Lung Function Assessment of Elexacaftor/Tezacaftor/Ivacaftor Response in Children and Young Adults With Cystic Fibrosis.	Automatic Weekly Digest (Feb 22 2026 to Feb 28 2026)	0.9634798765182495
Curated	41732338	1	Nevirapine-induced Stevens-Johnson Syndrome in an HIV-exposed neonate: A case report.	Automatic Weekly Digest (Feb 22 2026 to Feb 28 2026)	0.9584170579910278
Relevant	41723221	1	Hypertension pharmacogenetics and limitations in Africa - a focus on the ACE, AGTR1 and CYP2C9 genes.	Automatic Weekly Digest (Feb 22 2026 to Feb 28 2026)	0.9557570219039917
Curated	41737156	1	Impact of CYP2C19*2 on Clopidogrel Response and Cardiovascular Outcomes in ST-segment elevation myocardial infarction Patients.	Automatic Weekly Digest (Feb 22 2026 to Feb 28 2026)	0.9552267789840698
Not Curated	41725945	1	Analysis of the association between SLCO1B1 gene polymorphisms and coronary heart disease risk in southern Han Chinese population and statin responses in the elderly.	Automatic Weekly Digest (Feb 22 2026 to Feb 28 2026)	0.9462915062904358
Relevant	41727544	1	CYP2C19 genotype-guided escalation to ticagrelor vs. clopidogrel in secondary stroke prevention: a retrospective cohort study.	Automatic Weekly Digest (Feb 22 2026 to Feb 28 2026)	0.9402323365211487
Curated	41737970	1	Amitriptyline Induced Life-Threatening Steven-Johnson Syndrome: Case Report.	Automatic Weekly Digest (Feb 22 2026 to Feb 28 2026)	0.9302911162376404
Relevant	41744086	1	Genotype-Guided P2Y 12-Inhibitor De-Escalation Strategy in Acute Coronary Syndrome: Observational Evidence From the POPular-GUIDE PCI.	Automatic Weekly Digest (Feb 22 2026 to Feb 28 2026)	0.9032924175262451
Curated	41713946	1	Impact of CFTR Modulator Concentrations on Clinical Response in Cystic Fibrosis.	Automatic Weekly Digest (Feb 15 2026 to Feb 21 2026)	0.9998093247413635
Curated	41693395	1	Physiologically Based Pharmacokinetic Modeling of Lurasidone, an Antipsychotic Drug: Impact of CYP3A4 Polymorphisms and Hepatic Impairment on Exposure and Dose Optimization.	Automatic Weekly Digest (Feb 15 2026 to Feb 21 2026)	0.9994915127754211
Not Curated	41696643	1	Donor and recipient genetic polymorphisms modulate tacrolimus pharmacokinetics during voriconazole co-therapy: a drug-drug interaction study in liver transplant recipients.	Automatic Weekly Digest (Feb 15 2026 to Feb 21 2026)	0.9993351101875305
Curated	41702878	1	A functional ancestry-linked regulatory haplotype influences CYP2D6 expression.	Automatic Weekly Digest (Feb 15 2026 to Feb 21 2026)	0.9989664554595947
Curated	41693382	1	Beyond Genotype: Tomographic Improvement With Elexacaftor Tezacaftor Ivacaftor in Non-F508del Cystic Fibrosis.	Automatic Weekly Digest (Feb 15 2026 to Feb 21 2026)	0.9975711703300476
Curated	41696832	1	Explaining clinically important variability in response to simvastatin treatment using a PBPK/PD approach.	Automatic Weekly Digest (Feb 15 2026 to Feb 21 2026)	0.9968104362487793
Relevant	41704044	1	Real-World Impact of Elexacaftor/Tezacaftor/Ivacaftor in Israeli Children Aged 2-6 With Cystic Fibrosis.	Automatic Weekly Digest (Feb 15 2026 to Feb 21 2026)	0.9963080286979675
Curated	41705384	1	Unravelling Voriconazole's Hepatic Metabolism: A Narrative Review on Factors Impacting Voriconazole-N-Oxide Exposure.	Automatic Weekly Digest (Feb 15 2026 to Feb 21 2026)	0.990772545337677
Not Curated	41704054	1	Elexacaftor/Tezacaftor/Ivacaftor Therapy in a Child With Cystic Fibrosis and Type 1 Spinal Muscular Atrophy.	Automatic Weekly Digest (Feb 15 2026 to Feb 21 2026)	0.9851647615432739
Curated	41719044	1	CYP2D6-Guided Opioid Management and Postoperative Pain Control: A Randomized Clinical Trial.	Automatic Weekly Digest (Feb 15 2026 to Feb 21 2026)	0.9789423942565918
Relevant	41703907	1	Effect of carbamazepine on the pharmacokinetics of vepdegestrant, a PROteolysis TArgeting Chimera estrogen receptor degrader, in healthy adults.	Automatic Weekly Digest (Feb 15 2026 to Feb 21 2026)	0.9723270535469055
Curated	41707036	1	A Framework to Quantify Disparities in Pharmacogenomic Treatment Concordance and Drug Response Outcomes.	Automatic Weekly Digest (Feb 15 2026 to Feb 21 2026)	0.9696314930915833
Not Curated	41709705	1	The Impact of Elexacaftor-Tezacaftor-Ivacaftor on Biochemical Surrogates of Cystic Fibrosis Hepatobiliary Involvement: A Retrospective Cohort Study.	Automatic Weekly Digest (Feb 15 2026 to Feb 21 2026)	0.9528735280036926
Relevant	41713489	1	Opportunities for Pharmacogenetic Testing Among Hospitalized Children With Medical Complexity.	Automatic Weekly Digest (Feb 15 2026 to Feb 21 2026)	0.9278405904769897
Curated	41692401	1	Atorvastatin-Associated Liver Injury: Outcome After Statin Rechallenge.	Automatic Weekly Digest (Feb 15 2026 to Feb 21 2026)	0.9265133142471313
Not Relevant	41702710	1	Identification of the Novel HLA-A*31:236 Allele by Sequencing-Based Typing.	Automatic Weekly Digest (Feb 15 2026 to Feb 21 2026)	0.9178177714347839
Curated	41716757	1	Effect of ABCG2 genetic polymorphisms on the transport of anti-seizure medications in hCMEC/D3 cell lines.	Automatic Weekly Digest (Feb 15 2026 to Feb 21 2026)	0.9083889126777649
Curated	41693783	1	Case Report: Severe SIADH and QTc prolongation induced by escitalopram-quetiapine interaction in a CYP2C19 intermediate metabolizer at therapeutic doses.	Automatic Weekly Digest (Feb 15 2026 to Feb 21 2026)	0.903594434261322
Relevant	41660717	1	Observed tamoxifen drug interactions are dependent on both CYP2D6 phenotype and inhibitor potency.	Automatic Weekly Digest (Feb 08 2026 to Feb 14 2026)	0.9996170997619629
Relevant	41660740	1	Cohort Study to Determine the Impact of CYP3A5 Genotype on Tacrolimus Dosing Requirements and Trough Concentrations in Heart Transplant Recipients.	Automatic Weekly Digest (Feb 08 2026 to Feb 14 2026)	0.9991070032119751
Relevant Association	41675683	1	Clinical and Genetic Spectrum of RYR1-Related Disease.	Automatic Weekly Digest (Feb 08 2026 to Feb 14 2026)	0.9939652681350708
Curated	41678828	1	Pharmacogenetic Profiling of Cytochrome P450 Enzymes in Plasmodium vivax Patients Treated with Chloroquine and Primaquine: Implications for Personalized Malaria Therapy.	Automatic Weekly Digest (Feb 08 2026 to Feb 14 2026)	0.9935092926025391
Relevant Association	41657030	1	The role of NAT2 genetic variants in anti-tuberculosis drug-induced liver injury (AT-DILI): a meta-analysis.	Automatic Weekly Digest (Feb 08 2026 to Feb 14 2026)	0.9880069494247437
Curated	41665392	1	Toward a Less Invasive Future: Rethinking Malignant Hyperthermia Diagnosis beyond the Contracture Test.	Automatic Weekly Digest (Feb 08 2026 to Feb 14 2026)	0.9871819615364075
Curated	41658726	1	Racial Disparities in Severe Cutaneous Adverse Reactions: A Report of Two Cases on Preventable Stevens-Johnson Syndrome/Toxic Epidermal Necrolysis Prescription Errors Through Medication Stewardship.	Automatic Weekly Digest (Feb 08 2026 to Feb 14 2026)	0.9863904714584351
Curated	41654962	1	Association between genetically predicted expression of TPMT and azathioprine adverse events.	Automatic Weekly Digest (Feb 08 2026 to Feb 14 2026)	0.9790201187133789
Relevant	41660932	1	Towards Precision Oncology: A Predictive Nomogram Incorporating DPD and MTHFR for CapeOX Neoadjuvant Chemotherapy in Colorectal Cancer.	Automatic Weekly Digest (Feb 08 2026 to Feb 14 2026)	0.978180468082428
Not Curated	41683775	1	MTHFR and MTRR Polymorphisms Predict Sex-Dependent Psychotic Symptom Improvements, Not Metabolic Changes.	Automatic Weekly Digest (Feb 08 2026 to Feb 14 2026)	0.9760876893997192
Relevant	41688868	1	Deconvoluting Gut Versus Liver Cytochrome P450 3A4 Function: Drug Probes, Biomarkers, and Tissue Biopsy.	Automatic Weekly Digest (Feb 08 2026 to Feb 14 2026)	0.9751222133636475
Relevant	41654434	1	Current drug hypersensitivity challenges facing patients with cystic fibrosis.	Automatic Weekly Digest (Feb 08 2026 to Feb 14 2026)	0.9742493033409119
Curated	41666357	1	Factors associated with penicillin and sulfonamide allergy and Stevens-Johnson syndrome/toxic epidermal necrolysis.	Automatic Weekly Digest (Feb 08 2026 to Feb 14 2026)	0.959463357925415
Not Curated	41685949	1	Relating Improvement in Gastrointestinal (CFAbd-Score &copy;) and Sinonasal (SNOT) Symptoms During Therapy With Elexacaftor/Tezacaftor/Ivacaftor in CF Patients.	Automatic Weekly Digest (Feb 08 2026 to Feb 14 2026)	0.9524712562561035
Curated	41664353	1	Variable Response to Elexacaftor/Tezacaftor/Ivacaftor in [L467F;F508del] Homozygous Patients: A Case Series.	Automatic Weekly Digest (Feb 08 2026 to Feb 14 2026)	0.9516056180000305
Not Relevant	41655323	1	HLA-G alleles in Italian patients with locally advanced rectal cancer (LARC).	Automatic Weekly Digest (Feb 08 2026 to Feb 14 2026)	0.9504063129425049
Not Curated	41663301	1	Association of microRNA gene polymorphisms with risk, clinicopathological characteristics and therapeutical efficacy among Chinese patients with Crohn's disease.	Automatic Weekly Digest (Feb 08 2026 to Feb 14 2026)	0.9426888227462769
Not Curated	41679129	1	Rhabdomyolysis due to mtDNA pathogenic variants: Report of a subject with a novel MT-CO3 variant and review of the literature.	Automatic Weekly Digest (Feb 08 2026 to Feb 14 2026)	0.9406358599662781
Not Curated	41685891	1	Optimization strategies for voriconazole dosing in pediatric populations: integrating therapeutic indications and age-stratified pharmacokinetics.	Automatic Weekly Digest (Feb 08 2026 to Feb 14 2026)	0.9338632225990295
Not Relevant	41670189	1	Next Generation Sequencing Identifies Two Novel Synonymous HLA Alleles.	Automatic Weekly Digest (Feb 08 2026 to Feb 14 2026)	0.9281343817710876
Not Curated	41689836	1	The association between single-nucleotide polymorphisms of FDPS Rs2297480 and MECP2 Rs2734647 genes and the susceptibility to rheumatoid arthritis in Egyptian patients.	Automatic Weekly Digest (Feb 08 2026 to Feb 14 2026)	0.9181241989135742
Not Relevant	41656504	1	The HLA-B*48:09 Allele Confirmed by Sanger Dideoxy Nucleotide Sequencing in a Chinese Individual.	Automatic Weekly Digest (Feb 08 2026 to Feb 14 2026)	0.9126613736152649
Not Curated	41655853	1	Model-informed precision dosing of paroxetine to optimize individualized therapy in patients with mental disorders.	Automatic Weekly Digest (Feb 08 2026 to Feb 14 2026)	0.9099428057670593
Not Curated	41685327	1	Phosphatidylserine liposomes for Mycobacterium abscessus infections management in people with cystic fibrosis non-eligible for CFTR modulators.	Automatic Weekly Digest (Feb 08 2026 to Feb 14 2026)	0.9095505475997925
Curated	41673731	1	Sertraline-induced bruxism: a case report and review of the literature.	Automatic Weekly Digest (Feb 08 2026 to Feb 14 2026)	0.9070582985877991
Curated	41635062	1	The Effect of Ecopipam on the Pharmacokinetics of Concomitant Medications.	Automatic Weekly Digest (Feb 01 2026 to Feb 07 2026)	0.9991090297698975
Relevant	41643888	1	The pharmacogenetics of Tacrolimus in Algerian kidney recipients' patients.	Automatic Weekly Digest (Feb 01 2026 to Feb 07 2026)	0.9988402724266052
Curated	41633578	1	Clinical response to capecitabine in a DPYD*2A homozygous patient: Case report and therapeutic guidance.	Automatic Weekly Digest (Feb 01 2026 to Feb 07 2026)	0.9982700347900391
Curated	41630471	1	Prevalence of TPMT and NUDT15 diplotypes in Mexican children with B-cell acute lymphoblastic leukemia.	Automatic Weekly Digest (Feb 01 2026 to Feb 07 2026)	0.9921447038650513
Curated	41640344	1	Identification and functional characterization of 11 novel CYP2C19 variants in the Chinese Han population.	Automatic Weekly Digest (Feb 01 2026 to Feb 07 2026)	0.9884282350540161
Relevant	41651036	1	"""Side versus adverse effects of elexacaftor/tezacaftor/ivacaftor therapy in people with CF""."	Automatic Weekly Digest (Feb 01 2026 to Feb 07 2026)	0.9877135753631592
Not Relevant	41645889	1	HLA-A*29:177: A Variant Potentially Arising From Recombination Between HLA-A and HLA-G.	Automatic Weekly Digest (Feb 01 2026 to Feb 07 2026)	0.9855880737304688
Curated	41632507	1	Ending the Controversy Around Pretreatment Dihydropyrimidine Dehydrogenase (DPD/ DPYD) Testing Heightens the Controversy Over Appropriate Fluoropyrimidine Dosing.	Automatic Weekly Digest (Feb 01 2026 to Feb 07 2026)	0.9815205335617065
Curated	41652206	1	HLA-DQB1*03:01 and HLA-DQA1*05:05 as key genetic determinants of infliximab response and immunogenicity in Japanese patients with inflammatory bowel disease.	Automatic Weekly Digest (Feb 01 2026 to Feb 07 2026)	0.9800318479537964
Not Curated	41621302	1	Association between CYP2A6 genetic variants and serum concentrations of highly persistent OH-PCBs and their parent PCBs in humans.	Automatic Weekly Digest (Feb 01 2026 to Feb 07 2026)	0.9723269939422607
Not Curated	41642508	1	Development of a non-genetic risk prediction model for allopurinol-induced severe cutaneous adverse drug reactions: a multicenter retrospective observational study.	Automatic Weekly Digest (Feb 01 2026 to Feb 07 2026)	0.9633881449699402
Curated	41646208	1	Protracted escitalopram discontinuation syndrome and serotonin toxicity associated with CYP2C19 poor metabolism: A case report.	Automatic Weekly Digest (Feb 01 2026 to Feb 07 2026)	0.955650806427002
Not Curated	41627799	1	Effects of Elexacaftor Tezacaftor Ivacaftor on sinonasal imaging in children with cystic fibrosis.	Automatic Weekly Digest (Feb 01 2026 to Feb 07 2026)	0.9476612210273743
Not Curated	41622560	1	X-Ray Repair Cross-Complementing Group 1 Genetic Polymorphisms and the Risk of Sudden Sensorineural Hearing Loss.	Automatic Weekly Digest (Feb 01 2026 to Feb 07 2026)	0.9392792582511902
Relevant	41622703	1	Pharmacokinetic Evaluation of a Cinnamon Product on CYP2A6 Substrate Drugs: Application of a Novel Tool Involving the Nicotine Metabolite Ratio.	Automatic Weekly Digest (Feb 01 2026 to Feb 07 2026)	0.929495096206665
Curated	41622700	1	Clinical Study to Evaluate Drug Interactions of Cannabidiol with Citalopram and Morphine in Healthy Adults.	Automatic Weekly Digest (Feb 01 2026 to Feb 07 2026)	0.9221480488777161
Not Curated	41635665	1	THROMBOTIC RISK EVALUATION OF TWO METHYLENETETRAHYDROFOLATE REDUCTASE MUTATIONS C677t AND A1298c IN VENOUS THROMBOEMBOLISM.	Automatic Weekly Digest (Feb 01 2026 to Feb 07 2026)	0.9179696440696716
Relevant Association	41645404	1	HLA Class II Alleles Are Associated With Anti-Drug Antibodies in Ulcerative Colitis Patients Treated With Etrolizumab.	Automatic Weekly Digest (Feb 01 2026 to Feb 07 2026)	0.9148937463760376
Not Relevant	41622026	1	Diversity of the HLA 8.1 Extended Haplotype in the Croatian Population and Identification of a Novel Allele HLA-DRB3*01:132N.	Automatic Weekly Digest (Feb 01 2026 to Feb 07 2026)	0.9040225148200989
Curated	41599148	1	Pharmacogenomics of CYP2D6, CYP2C19, CYP2C9, and Clinical Determinants of Fluoxetine-Norfluoxetine Pharmacokinetics in Real-World Clinical Conditions.	Automatic Weekly Digest (Jan 25 2026 to Jan 31 2026)	0.9997490048408508
Curated	41595433	1	Clinical and Genetic Characterization of a Novel RYR1 Variant (p.Gln474His) in Malignant Hyperthermia Susceptibility.	Automatic Weekly Digest (Jan 25 2026 to Jan 31 2026)	0.9988653063774109
Curated	41595648	1	Impact of SLCO1B1 Polymorphism and Vitamin D Status on Statin Efficacy and Tolerability in Postmenopausal Women.	Automatic Weekly Digest (Jan 25 2026 to Jan 31 2026)	0.998645544052124
Not Curated	41598512	1	Impact of UGT1A1*28 Allele on the Safety and Effectiveness of Sacituzumab Govitecan in Metastatic Triple-Negative Breast Cancer: Real-World Evidence.	Automatic Weekly Digest (Jan 25 2026 to Jan 31 2026)	0.9973899722099304
Relevant	41614408	1	Clinical and Economic Impact of Expanded TPMT Testing to Prevent Thiopurine-Induced Myelosuppression in Australia: A Budget Impact Analysis.	Automatic Weekly Digest (Jan 25 2026 to Jan 31 2026)	0.9969843029975891
Curated	41590498	1	Genetic Markers of Methotrexate Treatment Failure in Psoriasis.	Automatic Weekly Digest (Jan 25 2026 to Jan 31 2026)	0.9950310587882996
Relevant	41617459	1	First-Line Afatinib 30 mg Versus 40 mg in Non-small Cell Lung Cancer Patients With Uncommon EGFR Mutations: Real-world Efficacy and Tolerability in Taiwan.	Automatic Weekly Digest (Jan 25 2026 to Jan 31 2026)	0.9852649569511414
Relevant	41581289	1	An optimized HPLC-MS/MS assay for uracil and dihydrouracil in plasma: Improving dihydropyrimidine dehydrogenase phenotyping for individualized fluoropyrimidine treatment.	Automatic Weekly Digest (Jan 25 2026 to Jan 31 2026)	0.9792400002479553
Not Relevant	41612923	1	Characterisation of the Novel HLA-C Allele, HLA-C*07:1178, by Next-Generation Sequencing.	Automatic Weekly Digest (Jan 25 2026 to Jan 31 2026)	0.9756271243095398
Not Relevant	41607147	1	Identification of the Novel HLA-C*04:562 Allele in an Individual From Gujarat, India.	Automatic Weekly Digest (Jan 25 2026 to Jan 31 2026)	0.9708710312843323
Curated	41590876	1	Evaluation of CYP2C8 and CYP2C9 Polymorphisms in Neonates with Patent Ductus Arteriosus Treated with Ibuprofen or Indomethacin: A Retrospective Cohort Study.	Automatic Weekly Digest (Jan 25 2026 to Jan 31 2026)	0.9681942462921143
Curated	41599608	1	CYP2C : TG Haplotype in Native Mexicans, Molecular Ancestry and Its Implications for CYP2C19 Genotype-Phenotype Correlation.	Automatic Weekly Digest (Jan 25 2026 to Jan 31 2026)	0.9671569466590881
Not Curated	41596442	1	Association Between HLA Alleles and IgA Nephropathy in a Taiwanese Population.	Automatic Weekly Digest (Jan 25 2026 to Jan 31 2026)	0.9579481482505798
Relevant Association	41606417	1	Association of Serotonin Transporter Gene 5HTTLPR rs25531 Polymorphism With Escitalopram Efficacy in Patients With Major Depressive Disorder.	Automatic Weekly Digest (Jan 25 2026 to Jan 31 2026)	0.954073429107666
Not Relevant	41607175	1	Characterisation of the Novel HLA-C*07:1226 Allele by Next Generation Sequencing.	Automatic Weekly Digest (Jan 25 2026 to Jan 31 2026)	0.9519113302230835
Not Curated	41583223	1	Fatal Flaw in the Folate Pathway: Methotrexate-Bactrim Interaction, Misleading Levels, and a Cautionary Case.	Automatic Weekly Digest (Jan 25 2026 to Jan 31 2026)	0.949430525302887
Not Relevant	41601432	1	HLA-DQA1*01:181N, a Novel HLA-DQA1 Allele Identified by Next-Generation Sequencing.	Automatic Weekly Digest (Jan 25 2026 to Jan 31 2026)	0.9418702721595764
Not Curated	41596463	1	Comparison of Stool Microbiome in Children with Cystic Fibrosis Treated with and Without Elexacaftor-Tezacaftor-Ivacaftor-A Pilot Study.	Automatic Weekly Digest (Jan 25 2026 to Jan 31 2026)	0.9344590306282043
Not Curated	41593906	1	Clinicopathological characteristics and therapeutic outcomes in patients with non-small cell lung cancer harboring SMARCA4 mutations.	Automatic Weekly Digest (Jan 25 2026 to Jan 31 2026)	0.9086175560951233
Curated	41556627	1	Efavirenz and CYP2C9 Genetic Polymorphisms Reduce CYP2C9 Activity in Healthy Participants.	Automatic Weekly Digest (Jan 18 2026 to Jan 24 2026)	0.9999200701713562
Curated	41560623	1	Genetic Determinants of Hematopoietic Toxicity Risk in Thai Pediatric Patients Undergoing 6-Mercaptopurine Treatment.	Automatic Weekly Digest (Jan 18 2026 to Jan 24 2026)	0.9995668530464172
Relevant	41576103	1	Chronic and acute modulator treatment restore wild-type-like activity and stability to the primary cystic fibrosis-causing CFTR variant.	Automatic Weekly Digest (Jan 18 2026 to Jan 24 2026)	0.9987096786499023
Curated	41553485	1	Influence of pharmacokinetics-related polymorphisms on asciminib exposure in patients with Japanese chronic myeloid leukemia.	Automatic Weekly Digest (Jan 18 2026 to Jan 24 2026)	0.998563826084137
Curated	41568406	1	Intrinsic Factors Influencing Simvastatin and Simvastatin Acid Pharmacokinetics: Age-Related Studies in Thai Adults and Cross-Population Comparisons.	Automatic Weekly Digest (Jan 18 2026 to Jan 24 2026)	0.9982405304908752
Relevant	41562939	1	Do Socio-Economic Determinants Influence DPYD Testing? A Real-World Study of 1478 Cancer Patients Receiving Fluoropyrimidine Chemotherapy.	Automatic Weekly Digest (Jan 18 2026 to Jan 24 2026)	0.9976751208305359
Curated	41554112	1	MTX pathway gene variants, erythrocyte methotrexate polyglutamates, and treatment outcomes in rheumatoid arthritis.	Automatic Weekly Digest (Jan 18 2026 to Jan 24 2026)	0.9976047873497009
Curated	41560413	1	ATP-binding cassette transporter polymorphisms and the pharmacokinetics of oral esketamine.	Automatic Weekly Digest (Jan 18 2026 to Jan 24 2026)	0.9968934655189514
Relevant	41555632	1	Pharmacogenomics of Thiopurine Drugs: A Bench-To-Bedside Success Story in Thailand.	Automatic Weekly Digest (Jan 18 2026 to Jan 24 2026)	0.9968112111091614
Curated	41549095	1	Pharmacokinetic recall study of Estonian Biobank participants with novel genetic variants in CYP2C19 and CYP2D6.	Automatic Weekly Digest (Jan 18 2026 to Jan 24 2026)	0.9958756566047668
Curated	41559003	1	Pharmacogenomic Calling From Whole-Exome Sequencing in the Taiwanese Population-A Real-World Experience.	Automatic Weekly Digest (Jan 18 2026 to Jan 24 2026)	0.9951950311660767
Curated	41570961	1	Population pharmacokinetics of isoniazid in adult Indian tuberculosis patients: Evaluation of NAT2 polymorphisms.	Automatic Weekly Digest (Jan 18 2026 to Jan 24 2026)	0.9950752854347229
Relevant Association	41553547	1	Effects of ABC transporter polymorphism on the pharmacokinetics of pentoxifylline and its active metabolites in healthy Chinese subjects.	Automatic Weekly Digest (Jan 18 2026 to Jan 24 2026)	0.9929218292236328
Curated	41563903	1	Managing Drug-Drug Interactions Involving the Non-Prescription Opioid Loperamide Through Physiologically Based Pharmacokinetic Modeling.	Automatic Weekly Digest (Jan 18 2026 to Jan 24 2026)	0.9890193939208984
Relevant	41553511	1	Systematic review and meta-analysis of AI accuracy in warfarin dose prediction across ethnic groups.	Automatic Weekly Digest (Jan 18 2026 to Jan 24 2026)	0.9823186993598938
Relevant	41549771	1	Assessment of the Intestinal CYP3A Contribution to Drug Interactions with Extended-Release Tacrolimus (LCPT) Using Grapefruit Juice.	Automatic Weekly Digest (Jan 18 2026 to Jan 24 2026)	0.9805610775947571
Relevant	41549776	1	Pharmacokinetic Interaction Between Atorvastatin and Hybutimibe in Healthy Chinese Volunteers.	Automatic Weekly Digest (Jan 18 2026 to Jan 24 2026)	0.9660879373550415
Curated	41566662	1	A model-based analysis of the CYP2C9 genotype effects on fluconazole inhibition using flurbiprofen, ketoprofen and tolbutamide as probe drugs.	Automatic Weekly Digest (Jan 18 2026 to Jan 24 2026)	0.9634633660316467
Curated	41577098	1	In-vitro and in-vivo CYP3A4 Variants: Neratinib metabolism and drug interaction risk.	Automatic Weekly Digest (Jan 18 2026 to Jan 24 2026)	0.9516115784645081
Not Curated	41548231	1	Heterogeneity in the association of genetic risk for rheumatoid arthritis and resultant rheumatoid arthritis phenotypes.	Automatic Weekly Digest (Jan 18 2026 to Jan 24 2026)	0.9392907619476318
Relevant	41554550	1	Effect of insulin resistance on ticagrelor-versus clopidogrel-based dual antiplatelet therapy for secondary prevention of stroke in carriers of CYP2C19 loss-of-function mutations.	Automatic Weekly Digest (Jan 18 2026 to Jan 24 2026)	0.9269656538963318
Relevant Association	41553479	1	Assessing the influence of CYP2C9 and CYP2C19 genotypes on the metabolism of CBD-cannabis after controlled single and repetitive consumption.	Automatic Weekly Digest (Jan 18 2026 to Jan 24 2026)	0.9100995063781738
Not Curated	41564508	1	Genetic screening for hearing impairment and the genotype-phenotype correlation of GJB2 c.109G>A variants in 47,729 neonates: a population-based study in southern China.	Automatic Weekly Digest (Jan 18 2026 to Jan 24 2026)	0.9041092395782471
Not Relevant	41578689	1	The Novel HLA-A*03:531 Allele Identified by Next-Generation Sequencing in Related Donor Screening.	Automatic Weekly Digest (Jan 18 2026 to Jan 24 2026)	0.9036401510238647
Relevant	41560753	1	Enhanced CYP2C19-mediated drug-drug interaction risk with escitalopram in geriatric populations.	Automatic Weekly Digest (Jan 18 2026 to Jan 24 2026)	0.9020901918411255
Curated	41526670	1	Dutch Pharmacogenetics Working Group (DPWG) guideline for the gene-drug interaction between CYP2D6 and CYP2C19 and tricyclic antidepressants.	Automatic Weekly Digest (Jan 11 2026 to Jan 17 2026)	0.9979696273803711
Relevant	41524197	1	Clinically actionable genetic variation in patients with or at high-risk of cardiovascular diseases from the Montreal Heart Institute.	Automatic Weekly Digest (Jan 11 2026 to Jan 17 2026)	0.9968132972717285
Relevant	41532000	1	Personalizing Treatment for Acute Alcoholic Hallucinosis: Clinical Utility of Integrated Pharmacogenetic Testing, Metabolic Phenotyping, and microRNA Biomarkers.	Automatic Weekly Digest (Jan 11 2026 to Jan 17 2026)	0.9961463809013367
Curated	41542958	1	Dihydropyrimidine dehydrogenase testing: capturing what standard genotyping misses with next-generation sequencing.	Automatic Weekly Digest (Jan 11 2026 to Jan 17 2026)	0.9948955178260803
Relevant	41534408	1	Divergent neurobehavioral effects of CFTR modulators elexacaftor and ivacaftor in mice.	Automatic Weekly Digest (Jan 11 2026 to Jan 17 2026)	0.9587386846542358
Relevant	41527769	1	Prevalence, type, and clinical implications of CFTR variants in bronchiectasis.	Automatic Weekly Digest (Jan 11 2026 to Jan 17 2026)	0.956043004989624
Not Curated	41526774	1	Role of elexacaftor-tezacaftor-ivacaftor therapy on fecal elastase-1 and fat-soluble vitamins in children with cystic fibrosis.	Automatic Weekly Digest (Jan 11 2026 to Jan 17 2026)	0.9559469819068909
Not Curated	41531243	1	Mechanism-informed machine learning for individualized tacrolimus dose adjustment in the early post-kidney transplant period.	Automatic Weekly Digest (Jan 11 2026 to Jan 17 2026)	0.9289438128471375
Curated	41545331	1	Effects of Gastric Acid Suppression, Cytochrome P4503A Inhibition and Induction, and Food on the Pharmacokinetics of Tinlarebant in Healthy Adults.	Automatic Weekly Digest (Jan 11 2026 to Jan 17 2026)	0.926108181476593
Curated	41532855	1	"Comment on ""Model Informed Precision Dosing of Tacrolimus in Children Following Heart Transplant""."	Automatic Weekly Digest (Jan 11 2026 to Jan 17 2026)	0.9204097986221313
Curated	41531282	1	Physiologically-Based Pharmacokinetic Modeling of the PARP Inhibitor Niraparib.	Automatic Weekly Digest (Jan 11 2026 to Jan 17 2026)	0.9088175296783447
Relevant	41485956	1	Characterization of Genetic Polymorphisms Related to 5-FU Metabolizing Enzymes in Japanese Populations.	Automatic Weekly Digest (Jan 04 2026 to Jan 10 2026)	0.9999255537986755
Curated	41496526	1	CYP2D6 Phenotype as a Predictor of Adverse Drug Reactions in Patients Treated With Trazodone: An Explorative Pharmacogenetic Study.	Automatic Weekly Digest (Jan 04 2026 to Jan 10 2026)	0.9998718500137329
Relevant Association	41491289	1	Combined Role of CYP3A4 and CYP3A5 genetic variants in tacrolimus dose-adjusted trough levels: a clinical retrospective study in kidney transplant patients.	Automatic Weekly Digest (Jan 04 2026 to Jan 10 2026)	0.9998247027397156
Curated	41518218	1	Self-Reported Pharmacogenetic Medication Use in the Our Future Health Cohort.	Automatic Weekly Digest (Jan 04 2026 to Jan 10 2026)	0.9988046288490295
Curated	41496868	1	Highly Effective Modulator Therapy in Cystic Fibrosis: Addressing Unusual Variants in the Middle East.	Automatic Weekly Digest (Jan 04 2026 to Jan 10 2026)	0.9955520629882812
Curated	41501986	1	Metabolite Profiles of Sertraline in Relation to Genotype-Predicted Phenotypes of CYP2B6 and CYP2C19-A Study on 470 Patients.	Automatic Weekly Digest (Jan 04 2026 to Jan 10 2026)	0.9939842224121094
Relevant	41498234	1	A Physiologically-Based Pharmacokinetic Model to Characterize Dasotraline Pharmacokinetics and CYP-mediated Drug-Drug Interactions.	Automatic Weekly Digest (Jan 04 2026 to Jan 10 2026)	0.9924885034561157
Curated	41506798	1	Voriconazole-induced Hypoglycemia in a Non-diabetic Patient: A Rare Cause.	Automatic Weekly Digest (Jan 04 2026 to Jan 10 2026)	0.9893144369125366
Relevant	41516355	1	Human Leukocyte Antigen ( HLA) Signatures and Idiosyncratic Drug-Induced Liver Injury.	Automatic Weekly Digest (Jan 04 2026 to Jan 10 2026)	0.9888360500335693
Curated	41486946	1	A population pharmacokinetic model for early follow-up dosing of tacrolimus in Tunisian kidney transplant recipients.	Automatic Weekly Digest (Jan 04 2026 to Jan 10 2026)	0.9883571267127991
Relevant Association	41497350	1	Impact of High Tacrolimus Exposure on Graft Function and Development of a Prediction Model in Kidney Transplant Recipients: A Single-Center Retrospective Cohort Study.	Automatic Weekly Digest (Jan 04 2026 to Jan 10 2026)	0.9860628843307495
Not Relevant	41489289	1	Identification of Three Novel HLA Class I Alleles in Potential Haematopoietic Stem Cell Donors From Kazakhstan.	Automatic Weekly Digest (Jan 04 2026 to Jan 10 2026)	0.9858455657958984
Relevant	41499328	1	Impact of Elexacaftor-Tezacaftor-Ivacaftor on Quality of Life in Children With Cystic Fibrosis.	Automatic Weekly Digest (Jan 04 2026 to Jan 10 2026)	0.9858263731002808
Relevant Association	41489862	1	Precision management of atorvastatin: Cross-sectional analysis of genetic polymorphisms.	Automatic Weekly Digest (Jan 04 2026 to Jan 10 2026)	0.9824581742286682
Relevant Association	41492359	1	CFTR rescue in W1282X cystic fibrosis patient-derived intestinal organoids (PDIOs) mediated by translational readthrough-inducing drugs (TRIDs).	Automatic Weekly Digest (Jan 04 2026 to Jan 10 2026)	0.9773105978965759
Not Relevant	41496133	1	Identification of genetic markers associated with coronary artery disease in Pakistani Pashtun population: A case-control association study.	Automatic Weekly Digest (Jan 04 2026 to Jan 10 2026)	0.9733142852783203
Not Relevant	41489282	1	Characterisation of the Novel HLA-A*01:501 and HLA-C*05:316 Alleles Identified in Danish Individuals.	Automatic Weekly Digest (Jan 04 2026 to Jan 10 2026)	0.9689962863922119
Relevant	41500871	1	Efficacy and Safety of Firmonertinib Plus Anlotinib as First-Line Treatment for Advanced NSCLC With EGFR Mutations: A Single-Arm, Phase I/II Trial.	Automatic Weekly Digest (Jan 04 2026 to Jan 10 2026)	0.9659902453422546
Not Relevant	41507402	1	Association of HLA-B alleles with familial mediterranean fever (FMF): A comparative study.	Automatic Weekly Digest (Jan 04 2026 to Jan 10 2026)	0.9591183662414551
Not Relevant	41503642	1	Identification of the Novel HLA-C*07:1194N Allele by Next Generation Sequencing in Côte D'ivoire.	Automatic Weekly Digest (Jan 04 2026 to Jan 10 2026)	0.9541809558868408
Not Curated	41506323	1	Genetic Influence of IFN-gamma gene Polymorphisms on Hepatitis C Progression and Recovery.	Automatic Weekly Digest (Jan 04 2026 to Jan 10 2026)	0.9534656405448914
Not Relevant	41489248	1	Identification of the Novel HLA-B Allele, HLA-B*57:198, in an Individual From North India.	Automatic Weekly Digest (Jan 04 2026 to Jan 10 2026)	0.9500501155853271
Relevant	41496342	1	Trikafta restores thermodynamic coupling between two nucleotide binding domains for potentiating CFTR activity.	Automatic Weekly Digest (Jan 04 2026 to Jan 10 2026)	0.9476474523544312
Not Relevant	41514332	1	Humidity impacts volatile anesthetic and heat responses of malignant hyperthermia susceptible mice.	Automatic Weekly Digest (Jan 04 2026 to Jan 10 2026)	0.9431983828544617
Curated	41506665	1	Bringing 5-FU monitoring home: microsampling as the potential next step beyond DPD deficiency screening.	Automatic Weekly Digest (Jan 04 2026 to Jan 10 2026)	0.937461256980896
Relevant	41504952	1	JSA guideline for management of malignant hyperthermia in 2025.	Automatic Weekly Digest (Jan 04 2026 to Jan 10 2026)	0.9353720545768738
Not Relevant	41489263	1	The Novel HLA-C*07:1217 Allele Identified by Next-Generation Sequencing.	Automatic Weekly Digest (Jan 04 2026 to Jan 10 2026)	0.9279265999794006
Relevant	41484425	1	Subgroup analysis of genotype guided vs traditional warfarin dosing in Asian patients from an open label randomized trial.	Automatic Weekly Digest (Jan 04 2026 to Jan 10 2026)	0.914869487285614
Curated	41485482	1	The utility of genomics and functional imaging to predict sunitinib pharmacokinetics and pharmacodynamics: The predict SU study.	Automatic Weekly Digest (Jan 04 2026 to Jan 10 2026)	0.9122269749641418
Curated	41517819	1	HLA-A*2402 May Be Associated With Antiseizure Medication-Induced Severe Mucocutaneous Adverse Events in Korean Population.	Automatic Weekly Digest (Jan 04 2026 to Jan 10 2026)	0.9108679294586182
Not Curated	41477714	1	Personalized Pharmacotherapy with Sertraline in Patients with Anxiety-Depressive Disorder Based on Omics Biomarkers.	Automatic Weekly Digest (Dec 28 2025 to Jan 03 2026)	0.9993036389350891
Not Curated	41472517	1	Pre-Therapeutic UGT1A1 Genotyping in Breast Cancer Patients Receiving Sacituzumab Govitecan to Improve Safety: A Meta-Analysis and Recommendation.	Automatic Weekly Digest (Dec 28 2025 to Jan 03 2026)	0.9986351132392883
Curated	41478797	1	European Malignant Hyperthermia Group 2025 guidelines for the investigation of malignant hyperthermia susceptibility.	Automatic Weekly Digest (Dec 28 2025 to Jan 03 2026)	0.9978142380714417
Curated	41471361	1	Association Between CYP2C9 and CYP2C19 Genetic Polymorphisms and Antiseizure Medication-Induced Adverse Reactions Among Peruvian Patients with Epilepsy.	Automatic Weekly Digest (Dec 28 2025 to Jan 03 2026)	0.9974251389503479
Not Curated	41469310	1	Strategies for the identification of people with cystic fibrosis responsive to CFTR modulator triple combinations.	Automatic Weekly Digest (Dec 28 2025 to Jan 03 2026)	0.9965478777885437
Not Curated	41465152	1	An Exploratory, Retrospective Study of the CYPRI Score for Pharmacogenetic Testing Among Mental Health Patients.	Automatic Weekly Digest (Dec 28 2025 to Jan 03 2026)	0.9887599945068359
Curated	41478784	1	Rethinking CFTR variant responsiveness: Differential responses to vanzacaftor and elexacaftor.	Automatic Weekly Digest (Dec 28 2025 to Jan 03 2026)	0.9845638275146484
Not Relevant	41466366	1	Identification of the Novel HLA-DPB1*1857:01 Allele Using PacBio Sequencing.	Automatic Weekly Digest (Dec 28 2025 to Jan 03 2026)	0.9823528528213501
Not Curated	41457634	1	Delayed Bullous Drug Eruption Induced by Elexacaftor/Tezacaftor/Ivacaftor.	Automatic Weekly Digest (Dec 28 2025 to Jan 03 2026)	0.98198002576828
Not Curated	41471097	1	Pharmacokinetics of CYP2C19- and CYP3A4-Metabolized Drugs in Cirrhosis Using a Whole-Body PBPK Approach.	Automatic Weekly Digest (Dec 28 2025 to Jan 03 2026)	0.9733946919441223
Not Curated	41482647	1	"Assessment of efficacy and tolerability of elexacaftor-tezacaftor-ivacaftor in an observational cohort study of ""aged"" people with cystic fibrosis."	Automatic Weekly Digest (Dec 28 2025 to Jan 03 2026)	0.9698056578636169
Not Curated	41465734	1	Improvement of Cystic Fibrosis-Associated Liver Disease in Adults on Long-Term Cystic Fibrosis Transmembrane Conductance Regulator (CFTR) Modulators.	Automatic Weekly Digest (Dec 28 2025 to Jan 03 2026)	0.9694546461105347
Not Relevant	41458034	1	CD209 gene polymorphism and its clinical correlation with susceptibility to rheumatoid arthritis among Egyptian patients: A case-control study.	Automatic Weekly Digest (Dec 28 2025 to Jan 03 2026)	0.963074266910553
Not Relevant	41467239	1	Association of IL28B Polymorphisms With Hepatitis C Susceptibility in Southern Iran's beta-Thalassemia Population: A Cross-Sectional Study.	Automatic Weekly Digest (Dec 28 2025 to Jan 03 2026)	0.9609923958778381
Not Curated	41459362	1	Association of angiotensin-converting enzyme gene insertion/deletion polymorphism (rs4646994) with schizophrenia in an eastern Algerian population: a case-control study.	Automatic Weekly Digest (Dec 28 2025 to Jan 03 2026)	0.9544143676757812
Not Relevant	41466486	1	Identification of Two New HLA-C Alleles: HLA-C*06:02:01:107 and -C*07:01:01:148.	Automatic Weekly Digest (Dec 28 2025 to Jan 03 2026)	0.9404257535934448
Not Relevant	41456324	1	Characterisation of Three Novel HLA-A Intronic Variants Identified in Volunteer Bone Marrow Donors.	Automatic Weekly Digest (Dec 28 2025 to Jan 03 2026)	0.9380483031272888
Curated	41456101	1	Global Investigation of Clinical Implementation Strategies for DPYD Testing to Guide Fluoropyrimidine Therapy.	Automatic Weekly Digest (Dec 28 2025 to Jan 03 2026)	0.9373088479042053
Relevant	41462531	1	OATP2B1 Deficiency Ameliorates Irinotecan-Induced Gastrointestinal Toxicity.	Automatic Weekly Digest (Dec 28 2025 to Jan 03 2026)	0.9363567233085632
Curated	41472487	1	Association between ABCG2 polymorphisms and allopurinol response in gout patients: a systematic review and meta-analysis.	Automatic Weekly Digest (Dec 28 2025 to Jan 03 2026)	0.9334068298339844
Not Curated	41465880	1	Long-Term Effects of Elexacaftor/Tezacaftor/Ivacaftor on Nocturnal Cardiorespiratory Polygraphy Parameters in Patients with Cystic Fibrosis: A Prospective Study.	Automatic Weekly Digest (Dec 28 2025 to Jan 03 2026)	0.9224729537963867
Relevant	41455673	1	Implementing CYP2C19 Pharmacogenetic Testing for Personalized Antiplatelet Therapy: Findings From the QPGx-CARES Initiative.	Automatic Weekly Digest (Dec 28 2025 to Jan 03 2026)	0.9118468165397644
Curated	41451876	1	Genotype-Specific Safety and Pharmacokinetics of Cannabidiol in Healthy Volunteers.	Automatic Weekly Digest (Dec 21 2025 to Dec 27 2025)	0.9999935626983643
Relevant	41452033	1	A Tale of Two Infants: Off-Label Use of Elexacaftor/Tezacaftor/Ivacaftor in Early Cystic Fibrosis Treatment.	Automatic Weekly Digest (Dec 21 2025 to Dec 27 2025)	0.9978496432304382
Relevant	41421495	1	Allele, Diplotype and Phenotype Frequency Distribution of CYP2B6, CYP2C19 and CYP2D6 in Han Population in North China.	Automatic Weekly Digest (Dec 21 2025 to Dec 27 2025)	0.993037223815918
Relevant	41446785	1	Validation of diagnostic screening test for pharmacogenomic targets for thiopurine drugs in indian pediatric acute lymphoblastic leukemia patients.	Automatic Weekly Digest (Dec 21 2025 to Dec 27 2025)	0.9923514723777771
Not Curated	41453825	1	Improved ventilation inhomogeneity and lower LCI variability under ETI: Retrospective analysis in a pediatric cohort.	Automatic Weekly Digest (Dec 21 2025 to Dec 27 2025)	0.9922167062759399
Not Curated	41432551	1	PharmVar GeneFocus: NAT2-Genetic Variation and Updated Nomenclature.	Automatic Weekly Digest (Dec 21 2025 to Dec 27 2025)	0.9877901673316956
Curated	41431155	1	Lower Dose-Normalized Tacrolimus Exposure in CYP3A5*6 vs. *3 Loss-of-Function Allele Carriers: A Longitudinal Retrospective Real-World Study in Kidney Transplant Recipients.	Automatic Weekly Digest (Dec 21 2025 to Dec 27 2025)	0.9852640628814697
Not Curated	41445524	1	Pharmacogenetic hSLCO1B1*14-Guided Dosing of Methotrexate in Transgenic Arthritic Mice Normalizes Exposure and Response.	Automatic Weekly Digest (Dec 21 2025 to Dec 27 2025)	0.9843851923942566
Not Relevant	41451939	1	Characterisation of the Novel HLA-G*01:67 Allele by Nanopore Sequencing.	Automatic Weekly Digest (Dec 21 2025 to Dec 27 2025)	0.9843414425849915
Relevant	41428820	1	Why Genetics Can't Be Ignored in Secondary Stroke Prevention: The CYP2C19 Challenge in Asia.	Automatic Weekly Digest (Dec 21 2025 to Dec 27 2025)	0.9656984210014343
Not Relevant	41444678	1	Distribution of HLA-ABC allele groups in a cohort of Chilean rheumatoid arthritis patients and healthy individuals.	Automatic Weekly Digest (Dec 21 2025 to Dec 27 2025)	0.965522825717926
Curated	41432755	1	Pharmacogenomic, pharmacokinetic, and safety analysis of CYP3A4/CYP3A5 polymorphisms of midostaurin in patients with acute myeloid leukemia.	Automatic Weekly Digest (Dec 21 2025 to Dec 27 2025)	0.9631749987602234
Not Relevant	41440769	1	The Use of Single Dose of Rasburicase for the Prophylaxis and Treatment of Tumor Lysis Syndrome in Pediatric Patients: A Narrative Review.	Automatic Weekly Digest (Dec 21 2025 to Dec 27 2025)	0.9584483504295349
Not Curated	41433211	1	Drug-drug interaction between toosendanin and tamoxifen and its potential mechanism.	Automatic Weekly Digest (Dec 21 2025 to Dec 27 2025)	0.9579371809959412
Relevant	41431326	1	Minor Contribution of UGT1A1 Inhibition to Atazanavir-Related Bilirubin Elevation Supported by Conservative PBPK Modeling and Clinical Data.	Automatic Weekly Digest (Dec 21 2025 to Dec 27 2025)	0.9523307681083679
Relevant Association	41450128	1	Genotype-guided ticagrelor/prasugrel versus clopidogrel therapy in stroke patients with CYP2C19 loss of function alleles: a systematic review and meta-analysis.	Automatic Weekly Digest (Dec 21 2025 to Dec 27 2025)	0.9522120356559753
Not Curated	41448766	1	Application of an interpretable neural network framework based on the LASSO-proj algorithm for warfarin dose prediction.	Automatic Weekly Digest (Dec 21 2025 to Dec 27 2025)	0.9370420575141907
Not Relevant	41448646	1	Characterisation of the HLA-DPB1*1462:01 Allele by Next-Generation Sequencing.	Automatic Weekly Digest (Dec 21 2025 to Dec 27 2025)	0.9336897134780884
Not Relevant	41449928	1	Identification of HLA-DRB1*09:64, a Novel Variant of HLA-DRB1*09:01.	Automatic Weekly Digest (Dec 21 2025 to Dec 27 2025)	0.9259068965911865
Curated	41428096	1	Thrombocheck: a practical pocket guide to pharmacokinetic drug-drug interactions in oral antithrombotic therapy.	Automatic Weekly Digest (Dec 21 2025 to Dec 27 2025)	0.908872663974762
Relevant	41447953	1	Insilico analysis of the pathogenic deletion mutations (CFTR-F508del) associated with cystic fibrosis disease.	Automatic Weekly Digest (Dec 21 2025 to Dec 27 2025)	0.900884747505188
Relevant	41438895	1	Rethinking hyperbilirubinemia: Gilbert syndrome in children with cystic fibrosis, a case report.	Automatic Weekly Digest (Dec 21 2025 to Dec 27 2025)	0.9006940126419067
Curated	41399021	1	NFIB rs28379954 does not affect CYP2D6-mediated metabolism of prototypical substrates, tamoxifen or solanidine.	Automatic Weekly Digest (Dec 14 2025 to Dec 20 2025)	0.9998523592948914
Relevant	28520361	1	Venlafaxine Therapy and CYP2D6 Genotype	Automatic Weekly Digest (Dec 14 2025 to Dec 20 2025)	0.9994181394577026
Relevant Association	41418732	1	Identification of novel potentially causative RYR1 variants in individuals with malignant hyperthermia susceptibility.	Automatic Weekly Digest (Dec 14 2025 to Dec 20 2025)	0.9978913068771362
Relevant	41392923	1	Understanding variation in metoprolol response: CYP2D6, drug interactions, and phenoconversion.	Automatic Weekly Digest (Dec 14 2025 to Dec 20 2025)	0.9973257184028625
Curated	41407268	1	CYP genetic polymorphism, and CYP3A inducers and inhibitors regulate apatinib metabolism: Consequences for drug exposure and toxicity risks.	Automatic Weekly Digest (Dec 14 2025 to Dec 20 2025)	0.9969661831855774
Curated	41399729	1	Case Report: Pitfalls in CF screening - targeted variant analysis can cause misleading results and therapy recommendations.	Automatic Weekly Digest (Dec 14 2025 to Dec 20 2025)	0.9962858557701111
Curated	41392983	1	Structural basis for simvastatin-induced skeletal muscle weakness associated with type 1 ryanodine receptor T4709M mutation.	Automatic Weekly Digest (Dec 14 2025 to Dec 20 2025)	0.9949078559875488
Relevant Association	41410815	1	Association of CYP3A4*1B and SLC6A11 Genetic Variants with Epilepsy Risk And Antiepileptic Drug Response in an Iraqi Population.	Automatic Weekly Digest (Dec 14 2025 to Dec 20 2025)	0.9930296540260315
Relevant	41390953	1	Prognostic Implication of CYP2C19 Genotype According to Clinical Risk Stratification After Drug-Eluting Stent Implantation.	Automatic Weekly Digest (Dec 14 2025 to Dec 20 2025)	0.9894415140151978
Relevant Association	41412716	1	Efficacy of isoniazid in pediatric tuberculosis: an individual participant data meta-analysis.	Automatic Weekly Digest (Dec 14 2025 to Dec 20 2025)	0.9754929542541504
Curated	41398552	1	Low-dose cannabidiol increases plasma concentrations of amitriptyline: A clinical drug-drug interaction study.	Automatic Weekly Digest (Dec 14 2025 to Dec 20 2025)	0.9694412350654602
Curated	41390976	1	Repeated Intake of Grapefruit Juice Inhibits CYP2B6, CYP2C9, CYP2C19, and CYP3A4 while Lingonberry Powder Does Not Induce Major CYP Enzymes in Humans.	Automatic Weekly Digest (Dec 14 2025 to Dec 20 2025)	0.9688143730163574
Relevant Association	41408448	1	MTHFR and ABCB1 polymorphisms associated with toxicity in hematological malignancies patients receiving high dose methotrexate.	Automatic Weekly Digest (Dec 14 2025 to Dec 20 2025)	0.9498100280761719
Not Curated	32352700	1	Elexacaftor, Tezacaftor and Ivacaftor	Automatic Weekly Digest (Dec 14 2025 to Dec 20 2025)	0.9428985118865967
Relevant	41409601	1	StarTRAC- CYP2D6 : a method for CYP2D6 allele-specific copy number determination using digital PCR.	Automatic Weekly Digest (Dec 14 2025 to Dec 20 2025)	0.9287241697311401
Curated	41393356	1	A 10-year retrospective cross-sectional study of severe cutaneous adverse drug reactions in Thailand: Human leukocyte antigen typing and enzyme-linked immunospot assay-assisted drug identification.	Automatic Weekly Digest (Dec 14 2025 to Dec 20 2025)	0.9263496398925781
Not Curated	41409581	1	Enantioselective analysis of metoprolol in plasma of hypertensive patients undergoing long-term therapy: Insights for personalized medicine.	Automatic Weekly Digest (Dec 14 2025 to Dec 20 2025)	0.9107658267021179
Not Curated	41399345	1	Identification of Genetic Risk Factors Associated With Herbal and Dietary Supplement-Induced Acute Liver Failure Using Whole Exome Sequencing Analysis.	Automatic Weekly Digest (Dec 14 2025 to Dec 20 2025)	0.9051658511161804
Curated	41385496	1	Impacts of polymorphisms in drug-metabolizing enzyme and transporter genes on irinotecan toxicity and efficacy in Thai colorectal cancer patients.	Automatic Weekly Digest (Dec 07 2025 to Dec 13 2025)	0.9996511936187744
Relevant Association	41369403	1	CFTR Modulator Response in Nasal Organoids Derived from People with Cystic Fibrosis.	Automatic Weekly Digest (Dec 07 2025 to Dec 13 2025)	0.9978787302970886
Relevant	41378208	1	Pharmacogenetic variations and clinical implications of actionable CYP2D6/CYP2C19 variants in Central Indian patients with common mental disorders.	Automatic Weekly Digest (Dec 07 2025 to Dec 13 2025)	0.9970348477363586
Curated	41382390	1	Association of Ticagrelor Metabolic SNPs With Adverse Drug Reactions in Patients With Acute Coronary Syndrome.	Automatic Weekly Digest (Dec 07 2025 to Dec 13 2025)	0.9965386986732483
Curated	41369307	1	The Impact of CYP3A4, CYP3A5, and ABCB1 Polymorphisms on Cyclosporine Concentration in Leukemia Patients After Allogeneic Hematopoietic Stem Cell Transplantation.	Automatic Weekly Digest (Dec 07 2025 to Dec 13 2025)	0.994868814945221
Relevant	41373889	1	L467F;F508del Complex Allele in a Heterozygous State with CFTRdele2,3: What to Expect from CFTR Modulators?	Automatic Weekly Digest (Dec 07 2025 to Dec 13 2025)	0.9910086393356323
Relevant	41357367	1	Impact of cytochrome P450 3A5 expression on clinical outcomes in renal transplant recipients receiving tacrolimus-based immunosuppression.	Automatic Weekly Digest (Dec 07 2025 to Dec 13 2025)	0.984188973903656
Relevant	41361201	1	People with cystic fibrosis with high sputum neutrophil elastase on elexacaftor-tezacaftor-ivacaftor exhibit worse pulmonary function and pro-inflammatory airway milieu.	Automatic Weekly Digest (Dec 07 2025 to Dec 13 2025)	0.984042227268219
Curated	41373738	1	Role of the ADAM33 rs2280091 Variant in Modulating Lung Function in Cystic Fibrosis.	Automatic Weekly Digest (Dec 07 2025 to Dec 13 2025)	0.982925534248352
Relevant	41362828	1	Impact of Cystic Fibrosis Transmembrane Conductance Regulator Modulating Therapies on Liver Transplant Outcomes.	Automatic Weekly Digest (Dec 07 2025 to Dec 13 2025)	0.979534387588501
Curated	41358630	1	Tacrolimus Conversion in CYP3A5*1 Expressers: From Immediate-Release to LCP Formulation.	Automatic Weekly Digest (Dec 07 2025 to Dec 13 2025)	0.9763855934143066
Relevant	41382292	1	Association between CYP2C19 gene polymorphisms and Helicobacter pylori infection in Hainan region.	Automatic Weekly Digest (Dec 07 2025 to Dec 13 2025)	0.9738868474960327
Curated	41386266	1	A predictive model for life-threatening fluoropyrimidine toxicity based on DPYD sequencing in colorectal cancer.	Automatic Weekly Digest (Dec 07 2025 to Dec 13 2025)	0.9698641300201416
Relevant	41369519	1	Population Pharmacokinetic/Pharmacodynamic Model of the Impact of Cumulative Tacrolimus Exposure on Kidney Function After Liver Transplant.	Automatic Weekly Digest (Dec 07 2025 to Dec 13 2025)	0.9687716364860535
Not Curated	41365775	1	Elexacaftor/tezacaftor/ivacaftor corrects salt-wasting in cystic fibrosis.	Automatic Weekly Digest (Dec 07 2025 to Dec 13 2025)	0.9681767821311951
Not Relevant	41369239	1	HLA-C*14:171, a New Allele With a Rare Extracellular alpha3 Domain.	Automatic Weekly Digest (Dec 07 2025 to Dec 13 2025)	0.9526489973068237
Not Relevant	41369049	1	Identification of Six New HLA Class I Alleles by Next-Generation Sequencing.	Automatic Weekly Digest (Dec 07 2025 to Dec 13 2025)	0.9507141709327698
Curated	41364071	1	Aripiprazole and CYP2D6: A retrospective cohort study evaluating the impact of CYP2D6 phenotype on metabolic abnormalities.	Automatic Weekly Digest (Dec 07 2025 to Dec 13 2025)	0.9414771199226379
Not Curated	41377908	1	Comparative efficacy and safety of CFTR modulators for people with cystic fibrosis with phe508del mutation: a systematic review and bayesian network meta-analysis.	Automatic Weekly Digest (Dec 07 2025 to Dec 13 2025)	0.9403418898582458
Relevant	41386645	1	Barriers to the Pharmacologic Rescue of W1282X CFTR.	Automatic Weekly Digest (Dec 07 2025 to Dec 13 2025)	0.9336095452308655
Curated	41388917	1	HLA-DQA1*05:01 and DQA1*05:05 inform choice of anti-tumor necrosis factor and concomitant use of immunomodulators in patients with inflammatory bowel disease.	Automatic Weekly Digest (Dec 07 2025 to Dec 13 2025)	0.928818941116333
Not Curated	41359685	1	Lung Function Assessment of Elexacaftor/Tezacaftor/Ivacaftor Therapy in Cystic Fibrosis Patients With Ventilation/Perfusion SPECT/CT.	Automatic Weekly Digest (Dec 07 2025 to Dec 13 2025)	0.9274706840515137
Relevant	41366975	1	Systematic analysis of adverse reactions associated with dantrolene treatment: From clinical features to molecular mechanisms.	Automatic Weekly Digest (Dec 07 2025 to Dec 13 2025)	0.9222277402877808
Not Relevant	41360704	1	Discovery of a Novel HLA-F*01:31 Allele by PolyseqOne and Oxford Nanopore Sequencing.	Automatic Weekly Digest (Dec 07 2025 to Dec 13 2025)	0.916215181350708
Not Curated	41374329	1	Machine Learning-Based Algorithm for Tacrolimus Dose Optimization in Hospitalized Kidney Transplant Patients.	Automatic Weekly Digest (Dec 07 2025 to Dec 13 2025)	0.9134367108345032
Not Curated	41365111	1	Real-world use of and clinical outcomes with dacomitinib as first-line therapy in Asian patients with EGFR mutation-positive locally advanced or metastatic non-small cell lung cancer: Final analysis of the ARIA study.	Automatic Weekly Digest (Dec 07 2025 to Dec 13 2025)	0.9129812121391296
Relevant	41381228	1	Rescue of the CFTR chloride channel with nonsense mutations is markedly improved under inflammatory conditions.	Automatic Weekly Digest (Dec 07 2025 to Dec 13 2025)	0.9096211194992065
Curated	41379058	1	Truncating Titin and Lamin A/C Variants in Anthracycline-Induced Cardiomyopathy.	Automatic Weekly Digest (Dec 07 2025 to Dec 13 2025)	0.9068886041641235
